Code,Name,Sector,Exchange,CCY,CurrentPrice,MarketCap(Billions),TargetPrice,As_of_Date
MMM,3M,Industrials,NYQ,USD,146.42,83.321618432,,2022-06-03
AOS,A. O. Smith,Industrials,NYQ,USD,60.44,9.42906368,,2022-06-03
ABT,Abbott,Health Care,NYQ,USD,115.08,201.498181632,,2022-06-03
ABBV,AbbVie,Health Care,NYQ,USD,146.02,258.03341824,,2022-06-03
ABMD,Abiomed,Health Care,NMS,USD,255.36,11.635197952,,2022-06-03
ACN,Accenture,Information Technology,NYQ,USD,298.65,189.316923392,,2022-06-03
ATVI,Activision Blizzard,Communication Services,NMS,USD,77.41,60.525412352,,2022-06-03
ADM,ADM,Consumer Staples,NYQ,USD,86.67,48.769900544,,2022-06-03
ADBE,Adobe,Information Technology,NMS,USD,418.16,197.580603392,,2022-06-03
ADP,ADP,Information Technology,NMS,USD,219.32,91.620278272,,2022-06-03
AAP,Advance Auto Parts,Consumer Discretionary,NYQ,USD,187.66,11.379664896,,2022-06-03
AES,AES,Utilities,NYQ,USD,21.88,14.612775936,,2022-06-03
AFL,Aflac,Financials,NYQ,USD,59.81,38.52750848,,2022-06-03
A,Agilent Technologies,Health Care,NYQ,USD,123.09,36.803907584,,2022-06-03
AIG,AIG,Financials,NYQ,USD,57.84,45.820387328,,2022-06-03
APD,Air Products,Materials,NYQ,USD,243.51,54.003941376,,2022-06-03
AKAM,Akamai,Information Technology,NMS,USD,101.13,16.211643392,,2022-06-03
ALK,Alaska Air Group,Industrials,NYQ,USD,46.57,5.872104448,,2022-06-03
ALB,Albemarle,Materials,NYQ,USD,240.12,28.121171968,,2022-06-03
ARE,Alexandria,Real Estate,NYQ,USD,163.81,26.736740352,,2022-06-03
ALGN,Align,Health Care,NMS,USD,265.17,20.896856064,,2022-06-03
ALLE,Allegion,Industrials,NYQ,USD,111.84,9.820099584,,2022-06-03
LNT,Alliant Energy,Utilities,NMS,USD,63.19,15.848936448,,2022-06-03
ALL,Allstate,Financials,NYQ,USD,134.7,37.04020992,,2022-06-03
GOOGL,Alphabet (Class A),Communication Services,NMS,USD,2277.84,1501.695574016,,2022-06-03
GOOG,Alphabet (Class C),Communication Services,NMS,USD,2282.74,1501.271425024,,2022-06-03
MO,Altria,Consumer Staples,NYQ,USD,54.08,97.9150848,,2022-06-03
AMZN,Amazon,Consumer Discretionary,NMS,USD,2433.68,1238.061678592,,2022-06-03
AMCR,Amcor,Materials,NYQ,USD,13.19,19.82153728,,2022-06-03
AMD,AMD,Information Technology,NMS,USD,101.22,164.028022784,,2022-06-03
AEE,Ameren,Utilities,NYQ,USD,94.37,24.368883712,,2022-06-03
AAL,American Airlines Group,Industrials,NMS,USD,17.29,11.230114816,,2022-06-03
AEP,American Electric Power,Utilities,NMS,USD,102.04,52.402028544,,2022-06-03
AXP,American Express,Financials,NYQ,USD,165.76,124.827213824,,2022-06-03
AMT,American Tower,Real Estate,NYQ,USD,252.56,115.238838272,,2022-06-03
AWK,American Water,Utilities,NYQ,USD,151.92,27.61191424,,2022-06-03
AMP,Ameriprise Financial,Financials,NYQ,USD,270.44,29.722437632,,2022-06-03
ABC,AmerisourceBergen,Health Care,NYQ,USD,150.01,31.421693952,,2022-06-03
AME,Ametek,Industrials,NYQ,USD,120.43,28.04862976,,2022-06-03
AMGN,Amgen,Health Care,NMS,USD,253.42,135.376961536,,2022-06-03
APH,Amphenol,Information Technology,NYQ,USD,69.28,41.369718784,,2022-06-03
ADI,Analog Devices,Information Technology,NMS,USD,164.77,85.648441344,,2022-06-03
ANSS,Ansys,Information Technology,NMS,USD,254.92,22.175514624,,2022-06-03
ANTM,Anthem,Health Care,NYQ,USD,499.19,120.347213824,,2022-06-03
AON,Aon,Financials,NYQ,USD,270.59,57.468985344,,2022-06-03
APA,APA Corporation,Energy,NMS,USD,47.62,16.106607616,,2022-06-03
AAPL,Apple,Information Technology,NMS,USD,148.71,2406.901088256,,2022-06-03
AMAT,Applied Materials,Information Technology,NMS,USD,114.46,99.574136832,,2022-06-03
APTV,Aptiv,Consumer Discretionary,NYQ,USD,107.52,29.130500096,,2022-06-03
ANET,Arista,Information Technology,NYQ,USD,101.67,31.243190272,,2022-06-03
AIZ,Assurant,Financials,NYQ,USD,178.23,9.639586816,,2022-06-03
T,AT&T,Communication Services,NYQ,USD,21.22,151.913971712,,2022-06-03
ATO,Atmos Energy,Utilities,NYQ,USD,116.43,16.185517056,,2022-06-03
ADSK,Autodesk,Information Technology,NMS,USD,207.38,45.110751232,,2022-06-03
AZO,AutoZone,Consumer Discretionary,NYQ,USD,2035.11,39.83931392,,2022-06-03
AVB,AvalonBay Communities,Real Estate,NYQ,USD,207.57,29.02202368,,2022-06-03
AVY,Avery Dennison,Materials,NYQ,USD,173.07,14.14229504,,2022-06-03
BKR,Baker Hughes,Energy,NMS,USD,37.41,40.54870016,,2022-06-03
BALL,Ball,Materials,NYQ,USD,71.27,22.791360512,,2022-06-03
BAC,Bank of America,Financials,NYQ,USD,36.67,295.44579072,,2022-06-03
BBWI,Bath & Body Works,Consumer Discretionary,NYQ,USD,39.57,9.437048832,,2022-06-03
BAX,Baxter,Health Care,NYQ,USD,74.47,37.497802752,,2022-06-03
BDX,Becton Dickinson,Health Care,NYQ,USD,251.4,71.66533632,,2022-06-03
WRB,Berkley,Financials,NYQ,USD,70.67,18.741188608,,2022-06-03
BRK-B,Berkshire Hathaway,Financials,NYQ,USD,312.21,688.881926144,,2022-06-03
BBY,Best Buy,Consumer Discretionary,NYQ,USD,80.08,18.015438848,,2022-06-03
BIO,Bio-Rad,Health Care,NYQ,USD,527.79,15.505097728,,2022-06-03
TECH,Bio-Techne,Health Care,NMS,USD,359.95,14.122098688,,2022-06-03
BIIB,Biogen,Health Care,NMS,USD,200.0,29.290399744,,2022-06-03
BLK,BlackRock,Financials,NYQ,USD,660.51,100.06925312,,2022-06-03
BK,BNY Mellon,Financials,NYQ,USD,45.65,36.8759808,,2022-06-03
BA,Boeing,Industrials,NYQ,USD,130.65,77.297238016,,2022-06-03
BKNG,Booking Holdings,Consumer Discretionary,NMS,USD,2238.57,90.938105856,,2022-06-03
BWA,BorgWarner,Consumer Discretionary,NYQ,USD,40.12,9.659652096,,2022-06-03
BXP,Boston Properties,Real Estate,NYQ,USD,108.17,16.95153664,,2022-06-03
BSX,Boston Scientific,Health Care,NYQ,USD,39.92,57.068433408,,2022-06-03
BMY,Bristol Myers Squibb,Health Care,NYQ,USD,74.96,159.59433216,,2022-06-03
AVGO,Broadcom,Information Technology,NMS,USD,573.62,241.721737216,,2022-06-03
BR,Broadridge,Information Technology,NYQ,USD,144.73,16.966262784,,2022-06-03
BRO,Brown & Brown,Financials,NYQ,USD,58.01,16.374656,,2022-06-03
BF-B,Brown–Forman,Consumer Staples,NYQ,USD,65.51,30.876239872,,2022-06-03
CHRW,C.H. Robinson,Industrials,NMS,USD,108.94,13.864357888,,2022-06-03
CDNS,Cadence,Information Technology,NMS,USD,153.22,42.25179648,,2022-06-03
CZR,Caesars Entertainment,Consumer Discretionary,NMS,USD,49.56,10.62397952,,2022-06-03
CPT,Camden,Real Estate,NYQ,USD,143.56,15.29215488,,2022-06-03
CPB,Campbell's,Consumer Staples,NYQ,USD,47.0,14.180087808,,2022-06-03
COF,Capital One,Financials,NYQ,USD,124.96,49.115652096,,2022-06-03
CAH,Cardinal Health,Health Care,NYQ,USD,55.43,15.100628992,,2022-06-03
KMX,CarMax,Consumer Discretionary,NYQ,USD,98.46,15.770534912,,2022-06-03
CCL,Carnival,Consumer Discretionary,NYQ,USD,13.47,15.833042944,,2022-06-03
CARR,Carrier,Industrials,NYQ,USD,38.94,33.030541312,,2022-06-03
CTLT,Catalent,Health Care,NYQ,USD,104.48,18.724173824,,2022-06-03
CAT,Caterpillar,Industrials,NYQ,USD,217.57,116.04619264,,2022-06-03
CBOE,Cboe,Financials,BTS,USD,112.42,11.937767424,,2022-06-03
CBRE,CBRE,Real Estate,NYQ,USD,79.59,26.014865408,,2022-06-03
CDW,CDW,Information Technology,NMS,USD,171.21,23.133210624,,2022-06-03
CE,Celanese,Materials,NYQ,USD,155.22,16.811722752,,2022-06-03
CNC,Centene,Health Care,NYQ,USD,81.21,47.49867008,,2022-06-03
CNP,CenterPoint Energy,Utilities,NYQ,USD,32.06,20.180135936,,2022-06-03
CDAY,Ceridian,Information Technology,NYQ,USD,53.79,8.210774016,,2022-06-03
CERN,Cerner,Health Care,NMS,USD,94.69,27.848138752,,2022-06-03
CF,CF Industries,Materials,NYQ,USD,95.51,19.923576832,,2022-06-03
CRL,Charles River,Health Care,NYQ,USD,229.69,11.669378048,,2022-06-03
SCHW,Charles Schwab,Financials,NYQ,USD,69.57,131.929063424,,2022-06-03
CHTR,Charter Communications,Communication Services,NMS,USD,495.38,94.861795328,,2022-06-03
CVX,Chevron,Energy,NYQ,USD,176.32,346.435321856,,2022-06-03
CMG,Chipotle Mexican Grill,Consumer Discretionary,NYQ,USD,1374.72,38.44046848,,2022-06-03
CB,Chubb,Financials,NYQ,USD,208.64,88.40306688,,2022-06-03
CHD,Church & Dwight,Consumer Staples,NYQ,USD,88.37,21.453674496,,2022-06-03
CI,Cigna,Health Care,NYQ,USD,264.58,83.944087552,,2022-06-03
CINF,Cincinnati Financial,Financials,NMS,USD,126.11,20.222369792,,2022-06-03
CTAS,Cintas,Industrials,NMS,USD,390.8,39.988609024,,2022-06-03
CSCO,Cisco,Information Technology,NMS,USD,45.23,187.295612928,,2022-06-03
C,Citigroup,Financials,NYQ,USD,52.39,101.73718528,,2022-06-03
CFG,Citizens,Financials,NYQ,USD,40.04,19.837659136,,2022-06-03
CTXS,Citrix,Information Technology,NMS,USD,100.84,12.764326912,,2022-06-03
CLX,Clorox,Consumer Staples,NYQ,USD,140.7,17.31735552,,2022-06-03
CME,CME Group,Financials,NMS,USD,199.37,71.65775872,,2022-06-03
CMS,CMS Energy,Utilities,NYQ,USD,70.83,20.5498368,,2022-06-03
KO,Coca-Cola,Consumer Staples,NYQ,USD,63.07,273.410326528,,2022-06-03
CTSH,Cognizant,Information Technology,NMS,USD,74.18,38.66068992,,2022-06-03
CL,Colgate-Palmolive,Consumer Staples,NYQ,USD,78.2,65.527062528,,2022-06-03
CMCSA,Comcast,Communication Services,NMS,USD,43.93,196.806852608,,2022-06-03
CMA,Comerica,Financials,NYQ,USD,80.77,10.5614848,,2022-06-03
CAG,Conagra Brands,Consumer Staples,NYQ,USD,32.52,15.605535744,,2022-06-03
COP,ConocoPhillips,Energy,NYQ,USD,115.75,149.71682816,,2022-06-03
ED,Con Edison,Utilities,NYQ,USD,98.63,34.944114688,,2022-06-03
STZ,Constellation Brands,Consumer Staples,NYQ,USD,244.18,46.705283072,,2022-06-03
CEG,Constellation Energy,Utilities,NMS,USD,63.65,20.794392576,,2022-06-03
COO,CooperCompanies,Health Care,NYQ,USD,343.21,16.92080128,,2022-06-03
CPRT,Copart,Industrials,NMS,USD,112.91,26.835658752,,2022-06-03
GLW,Corning,Information Technology,NYQ,USD,35.44,29.933047808,,2022-06-03
CTVA,Corteva,Materials,NYQ,USD,62.33,45.108219904,,2022-06-03
COST,Costco,Consumer Staples,NMS,USD,456.99,202.459807744,,2022-06-03
CTRA,Coterra,Energy,NYQ,USD,35.19,28.356276224,,2022-06-03
CCI,Crown Castle,Real Estate,NYQ,USD,188.09,81.448984576,,2022-06-03
CSX,CSX,Industrials,NMS,USD,32.0,70.975356928,,2022-06-03
CMI,Cummins,Industrials,NYQ,USD,207.85,29.729202176,,2022-06-03
CVS,CVS Health,Health Care,NYQ,USD,96.54,127.438594048,,2022-06-03
DHI,D.R. Horton,Consumer Discretionary,NYQ,USD,75.07,26.738507776,,2022-06-03
DHR,Danaher,Health Care,NYQ,USD,261.0,186.504609792,,2022-06-03
DRI,Darden,Consumer Discretionary,NYQ,USD,123.93,16.08425472,,2022-06-03
DVA,DaVita,Health Care,NYQ,USD,95.4,9.721260032,,2022-06-03
DE,Deere & Co.,Industrials,NYQ,USD,352.15,108.253372416,,2022-06-03
DAL,Delta Air Lines,Industrials,NYQ,USD,39.54,25.306155008,,2022-06-03
XRAY,Dentsply Sirona,Health Care,NMS,USD,39.04,8.53441792,,2022-06-03
DVN,Devon,Energy,NYQ,USD,76.48,51.77696256,,2022-06-03
DXCM,DexCom,Health Care,NMS,USD,283.85,27.511310336,,2022-06-03
FANG,Diamondback,Energy,NMS,USD,152.89,27.699847168,,2022-06-03
DLR,Digital Realty,Real Estate,NYQ,USD,137.44,39.00368896,,2022-06-03
DFS,Discover,Financials,NYQ,USD,111.2,32.590051328,,2022-06-03
DISH,Dish,Communication Services,NMS,USD,22.18,11.728828416,,2022-06-03
DIS,Disney,Communication Services,NYQ,USD,109.19,198.470303744,,2022-06-03
DG,Dollar General,Consumer Discretionary,NYQ,USD,218.82,50.701910016,,2022-06-03
DLTR,Dollar Tree,Consumer Discretionary,NMS,USD,161.01,36.220166144,,2022-06-03
D,Dominion Energy,Utilities,NYQ,USD,83.71,67.797393408,,2022-06-03
DPZ,Domino's,Consumer Discretionary,NYQ,USD,360.85,13.1206144,,2022-06-03
DOV,Dover,Industrials,NYQ,USD,132.78,19.118327808,,2022-06-03
DOW,Dow,Materials,NYQ,USD,68.11,50.375110656,,2022-06-03
DTE,DTE,Utilities,NYQ,USD,132.56,25.680451584,,2022-06-03
DUK,Duke Energy,Utilities,NYQ,USD,111.67,85.912526848,,2022-06-03
DRE,Duke Realty,Real Estate,NYQ,USD,52.64,20.04794368,,2022-06-03
DD,DuPont,Materials,NYQ,USD,67.42,34.930569216,,2022-06-03
DXC,DXC Technology,Information Technology,NYQ,USD,34.57,8.71990272,,2022-06-03
EMN,Eastman,Materials,NYQ,USD,109.64,14.740001792,,2022-06-03
ETN,Eaton,Industrials,NYQ,USD,137.72,54.895194112,,2022-06-03
EBAY,eBay,Consumer Discretionary,NMS,USD,46.97,29.403406336,,2022-06-03
ECL,Ecolab,Materials,NYQ,USD,162.87,46.673166336,,2022-06-03
EIX,Edison International,Utilities,NYQ,USD,69.73,26.490986496,,2022-06-03
EW,Edwards Lifesciences,Health Care,NYQ,USD,97.34,60.772671488,,2022-06-03
EA,Electronic Arts,Communication Services,NMS,USD,139.53,39.460200448,,2022-06-03
EMR,Emerson,Industrials,NYQ,USD,88.57,52.761059328,,2022-06-03
ENPH,Enphase,Information Technology,NGM,USD,182.49,24.620091392,,2022-06-03
ETR,Entergy,Utilities,NYQ,USD,120.18,24.153894912,,2022-06-03
EOG,EOG Resources,Energy,NYQ,USD,139.93,81.871634432,,2022-06-03
EPAM,EPAM,Information Technology,NYQ,USD,326.28,18.506471424,,2022-06-03
EFX,Equifax,Industrials,NYQ,USD,198.58,24.227158016,,2022-06-03
EQIX,Equinix,Real Estate,NMS,USD,679.0,61.137973248,,2022-06-03
EQR,Equity Residential,Real Estate,NYQ,USD,76.94,28.853731328,,2022-06-03
ESS,Essex,Real Estate,NYQ,USD,282.6,18.393812992,,2022-06-03
EL,Estée Lauder Companies,Consumer Staples,NYQ,USD,250.42,90.13792768,,2022-06-03
ETSY,Etsy,Consumer Discretionary,NMS,USD,80.94,10.261654528,,2022-06-03
RE,Everest,Financials,NYQ,USD,278.52,10.96505344,,2022-06-03
EVRG,Evergy,Utilities,NYQ,USD,70.01,16.165239808,,2022-06-03
ES,Eversource,Utilities,NYQ,USD,92.12,31.671410688,,2022-06-03
EXC,Exelon,Utilities,NMS,USD,49.19,48.123461632,,2022-06-03
EXPE,Expedia Group,Consumer Discretionary,NMS,USD,126.23,19.127379968,,2022-06-03
EXPD,Expeditors,Industrials,NMS,USD,107.84,18.268526592,,2022-06-03
EXR,Extra Space Storage,Real Estate,NYQ,USD,178.65,23.919804416,,2022-06-03
XOM,ExxonMobil,Energy,NYQ,USD,97.84,416.864894976,,2022-06-03
FFIV,F5,Information Technology,NMS,USD,161.89,9.91242752,,2022-06-03
FDS,FactSet,Financials,NYQ,USD,374.59,14.158452736,,2022-06-03
FAST,Fastenal,Industrials,NMS,USD,53.91,31.00703744,,2022-06-03
FRT,Federal Realty,Real Estate,NYQ,USD,113.68,8.8431104,,2022-06-03
FDX,FedEx,Industrials,NYQ,USD,218.67,57.940770816,,2022-06-03
FITB,Fifth Third Bank,Financials,NMS,USD,38.74,26.440282112,,2022-06-03
FRC,First Republic,Financials,NYQ,USD,153.63,27.543709696,,2022-06-03
FE,FirstEnergy,Utilities,NYQ,USD,42.56,24.26720256,,2022-06-03
FIS,FIS,Information Technology,NYQ,USD,103.22,62.854479872,,2022-06-03
FISV,Fiserv,Information Technology,NMS,USD,99.16,65.468608512,,2022-06-03
FLT,Fleetcor,Information Technology,NYQ,USD,242.72,19.708524544,,2022-06-03
FMC,FMC,Materials,NYQ,USD,121.71,15.426864128,,2022-06-03
F,Ford,Consumer Discretionary,NYQ,USD,13.55,54.149050368,,2022-06-03
FTNT,Fortinet,Information Technology,NMS,USD,289.06,47.261310976,,2022-06-03
FTV,Fortive,Industrials,NYQ,USD,61.37,22.005929984,,2022-06-03
FBHS,Fortune Brands,Industrials,NYQ,USD,68.45,9.290991616,,2022-06-03
FOXA,Fox Corporation (Class A),Communication Services,NMS,USD,34.86,19.20590848,,2022-06-03
FOX,Fox Corporation (Class B),Communication Services,NMS,USD,32.15,19.144812544,,2022-06-03
BEN,Franklin Templeton,Financials,NYQ,USD,26.56,13.327675392,,2022-06-03
FCX,Freeport-McMoRan,Materials,NYQ,USD,39.64,58.210152448,,2022-06-03
AJG,Gallagher,Financials,NYQ,USD,160.51,33.27019008,,2022-06-03
GRMN,Garmin,Consumer Discretionary,NYQ,USD,103.51,19.907250176,,2022-06-03
IT,Gartner,Information Technology,NYQ,USD,260.86,21.452863488,,2022-06-03
GE,GE,Industrials,NYQ,USD,77.52,85.127815168,,2022-06-03
GNRC,Generac,Industrials,NYQ,USD,243.86,15.385127936,,2022-06-03
GD,General Dynamics,Industrials,NYQ,USD,226.22,63.16582912,,2022-06-03
GIS,General Mills,Consumer Staples,NYQ,USD,69.12,41.693667328,,2022-06-03
GPC,Genuine Parts,Consumer Discretionary,NYQ,USD,135.82,19.343757312,,2022-06-03
GILD,Gilead,Health Care,NMS,USD,64.77,81.246191616,,2022-06-03
GL,Globe Life,Financials,NYQ,USD,97.32,9.827275776,,2022-06-03
GPN,Global Payments,Information Technology,NYQ,USD,127.51,36.997156864,,2022-06-03
GM,GM,Consumer Discretionary,NYQ,USD,38.27,55.562682368,,2022-06-03
GS,Goldman Sachs,Financials,NYQ,USD,321.85,107.362074624,,2022-06-03
GWW,Grainger,Industrials,NYQ,USD,494.39,25.470973952,,2022-06-03
HAL,Halliburton,Energy,NYQ,USD,41.4,37.057806336,,2022-06-03
HIG,Hartford (The),Financials,NYQ,USD,71.28,24.260360192,,2022-06-03
HAS,Hasbro,Consumer Discretionary,NMS,USD,89.45,12.339359744,,2022-06-03
HCA,HCA Healthcare,Health Care,NYQ,USD,206.95,64.366211072,,2022-06-03
PEAK,Healthpeak,Real Estate,NYQ,USD,29.33,15.810981888,,2022-06-03
HSIC,Henry Schein,Health Care,NMS,USD,84.28,11.68744448,,2022-06-03
HSY,Hershey's,Consumer Staples,NYQ,USD,209.69,43.196981248,,2022-06-03
HES,Hess,Energy,NYQ,USD,127.45,39.474704384,,2022-06-03
HPE,Hewlett Packard Enterprise,Information Technology,NYQ,USD,15.78,20.410482688,,2022-06-03
HLT,Hilton,Consumer Discretionary,NYQ,USD,138.42,38.58069504,,2022-06-03
HOLX,Hologic,Health Care,NMS,USD,74.65,18.768576512,,2022-06-03
HD,Home Depot,Consumer Discretionary,NYQ,USD,297.19,310.33769984,,2022-06-03
HON,Honeywell,Industrials,NMS,USD,191.91,132.115259392,,2022-06-03
HRL,Hormel,Consumer Staples,NYQ,USD,48.28,26.195277824,,2022-06-03
HST,Host Hotels & Resorts,Real Estate,NMS,USD,20.43,14.58773504,,2022-06-03
HWM,Howmet Aerospace,Industrials,NYQ,USD,35.68,15.243138048,,2022-06-03
HPQ,HP,Information Technology,NYQ,USD,40.34,43.676925952,,2022-06-03
HUM,Humana,Health Care,NYQ,USD,447.59,57.53053184,,2022-06-03
HII,Huntington Ingalls Industries,Industrials,NYQ,USD,210.46,8.431238144,,2022-06-03
HBAN,Huntington National Bank,Financials,NMS,USD,13.59,20.039000064,,2022-06-03
IEX,IDEX,Industrials,NYQ,USD,191.4,14.552429568,,2022-06-03
IDXX,Idexx Laboratories,Health Care,NMS,USD,369.63,31.342258176,,2022-06-03
ITW,Illinois Tool Works,Industrials,NYQ,USD,205.98,64.653205504,,2022-06-03
ILMN,Illumina,Health Care,NMS,USD,235.2,36.761759744,,2022-06-03
INCY,Incyte,Health Care,NMS,USD,74.98,16.562408448,,2022-06-03
IR,Ingersoll Rand,Industrials,NYQ,USD,47.25,19.258390528,,2022-06-03
INTC,Intel,Information Technology,NMS,USD,44.11,179.3953792,,2022-06-03
ICE,Intercontinental Exchange,Financials,NYQ,USD,101.99,57.46157568,,2022-06-03
IBM,IBM,Information Technology,NYQ,USD,139.43,124.973891584,,2022-06-03
IP,International Paper,Materials,NYQ,USD,47.45,18.375630848,,2022-06-03
IPG,Interpublic Group,Communication Services,NYQ,USD,31.68,12.474159104,,2022-06-03
IFF,International Flavors & Fragrances,Materials,NYQ,USD,132.16,33.640933376,,2022-06-03
INTU,Intuit,Information Technology,NMS,USD,408.37,115.636912128,,2022-06-03
ISRG,Intuitive Surgical,Health Care,NMS,USD,216.39,77.302513664,,2022-06-03
IVZ,Invesco,Financials,NYQ,USD,19.07,8.79521792,,2022-06-03
IPGP,IPG Photonics,Information Technology,NMS,USD,102.27,5.451900928,,2022-06-03
IQV,IQVIA,Health Care,NYQ,USD,210.11,40.139415552,,2022-06-03
IRM,Iron Mountain,Real Estate,NYQ,USD,53.42,15.467761664,,2022-06-03
JBHT,J.B. Hunt,Industrials,NMS,USD,172.91,18.157971456,,2022-06-03
JKHY,Jack Henry & Associates,Information Technology,NMS,USD,186.13,13.781252096,,2022-06-03
J,Jacobs,Industrials,NYQ,USD,138.86,17.975842816,,2022-06-03
JNJ,Johnson & Johnson,Health Care,NYQ,USD,177.71,467.8393856,,2022-06-03
JCI,Johnson Controls,Industrials,NYQ,USD,54.0,38.033928192,,2022-06-03
JPM,JPMorgan Chase,Financials,NYQ,USD,129.91,393.411657728,,2022-06-03
JNPR,Juniper Networks,Information Technology,NYQ,USD,30.75,9.999315968,,2022-06-03
K,Kellogg's,Consumer Staples,NYQ,USD,69.0,23.537487872,,2022-06-03
KEY,KeyCorp,Financials,NYQ,USD,19.5,18.155630592,,2022-06-03
KEYS,Keysight,Information Technology,NYQ,USD,143.55,26.275680256,,2022-06-03
KMB,Kimberly-Clark,Consumer Staples,NYQ,USD,131.4,44.244611072,,2022-06-03
KIM,Kimco Realty,Real Estate,NYQ,USD,22.94,14.140859392,,2022-06-03
KMI,Kinder Morgan,Energy,NYQ,USD,20.02,45.393948672,,2022-06-03
KLAC,KLA,Information Technology,NMS,USD,356.99,54.127538176,,2022-06-03
KHC,Kraft Heinz,Consumer Staples,NMS,USD,37.25,45.595488256,,2022-06-03
KR,Kroger,Consumer Staples,NYQ,USD,51.35,37.755396096,,2022-06-03
LHX,L3Harris,Industrials,NYQ,USD,241.49,47.386374144,,2022-06-03
LH,LabCorp,Health Care,NYQ,USD,245.78,23.52114688,,2022-06-03
LRCX,Lam Research,Information Technology,NMS,USD,505.79,71.21473536,,2022-06-03
LW,Lamb Weston,Consumer Staples,NYQ,USD,66.57,9.723746304,,2022-06-03
LVS,Las Vegas Sands,Consumer Discretionary,NYQ,USD,35.16,26.861889536,,2022-06-03
LDOS,Leidos,Industrials,NYQ,USD,104.74,14.699107328,,2022-06-03
LEN,Lennar,Consumer Discretionary,NYQ,USD,79.63,24.127492096,,2022-06-03
LLY,Lilly,Health Care,NYQ,USD,311.08,297.576628224,,2022-06-03
LNC,Lincoln Financial,Financials,NYQ,USD,56.85,10.2733056,,2022-06-03
LIN,Linde,Materials,NYQ,USD,319.61,163.817701376,,2022-06-03
LYV,Live Nation Entertainment,Communication Services,NYQ,USD,94.51,21.232617472,,2022-06-03
LKQ,LKQ Corporation,Consumer Discretionary,NMS,USD,50.55,14.734870528,,2022-06-03
LMT,Lockheed Martin,Industrials,NYQ,USD,439.3,121.152782336,,2022-06-03
L,Loews Corporation,Financials,NYQ,USD,64.75,16.426039296,,2022-06-03
LOW,Lowe's,Consumer Discretionary,NYQ,USD,191.72,129.170776064,,2022-06-03
LUMN,Lumen,Communication Services,NYQ,USD,11.96,12.24572416,,2022-06-03
LYB,LyondellBasell,Materials,NYQ,USD,114.31,38.040539136,,2022-06-03
MTB,M&T Bank,Financials,NYQ,USD,177.79,22.87890432,,2022-06-03
MRO,Marathon Oil,Energy,NYQ,USD,31.38,24.430491648,,2022-06-03
MPC,Marathon Petroleum,Energy,NYQ,USD,103.91,63.965749248,,2022-06-03
MKTX,MarketAxess,Financials,NMS,USD,276.91,10.529917952,,2022-06-03
MAR,Marriott International,Consumer Discretionary,NMS,USD,170.59,55.558262784,,2022-06-03
MMC,Marsh & McLennan,Financials,NYQ,USD,156.41,78.970626048,,2022-06-03
MLM,Martin Marietta,Materials,NYQ,USD,337.07,21.027067904,,2022-06-03
MAS,Masco,Industrials,NYQ,USD,55.67,13.588323328,,2022-06-03
MA,Mastercard,Information Technology,NYQ,USD,357.06,350.831804416,,2022-06-03
MTCH,Match Group,Communication Services,NMS,USD,79.24,22.431653888,,2022-06-03
MKC,McCormick,Consumer Staples,NYQ,USD,90.72,24.253448192,,2022-06-03
MCD,McDonald's,Consumer Discretionary,NYQ,USD,249.28,186.273234944,,2022-06-03
MCK,McKesson,Health Care,NYQ,USD,322.21,49.195667456,,2022-06-03
MDT,Medtronic,Health Care,NYQ,USD,97.78,131.47107328,,2022-06-03
MRK,Merck,Health Care,NYQ,USD,91.14,230.214172672,,2022-06-03
FB,Meta,Communication Services,NMS,USD,188.64,524.751208448,,2022-06-03
MET,MetLife,Financials,NYQ,USD,66.66,56.071729152,,2022-06-03
MTD,Mettler Toledo,Health Care,NYQ,USD,1263.4,29.040134144,,2022-06-03
MGM,MGM Resorts,Consumer Discretionary,NYQ,USD,34.19,16.033741824,,2022-06-03
MCHP,Microchip,Information Technology,NMS,USD,71.16,39.4846208,,2022-06-03
MU,Micron,Information Technology,NMS,USD,73.55,82.388508672,,2022-06-03
MSFT,Microsoft,Information Technology,NMS,USD,272.42,2045.323902976,,2022-06-03
MAA,Mid-America Apartments,Real Estate,NYQ,USD,179.77,20.69835776,,2022-06-03
MRNA,Moderna,Health Care,NMS,USD,143.4,58.141523968,,2022-06-03
MHK,Mohawk Industries,Consumer Discretionary,NYQ,USD,139.61,9.456120832,,2022-06-03
MOH,Molina Healthcare,Health Care,NYQ,USD,287.38,16.782992384,,2022-06-03
TAP,Molson Coors,Consumer Staples,NYQ,USD,54.72,11.8987008,,2022-06-03
MDLZ,Mondelez International,Consumer Staples,NMS,USD,62.91,87.757561856,,2022-06-03
MPWR,Monolithic Power Systems,Information Technology,NMS,USD,448.25,20.66118656,,2022-06-03
MNST,Monster Beverage,Consumer Staples,NMS,USD,88.05,46.59068928,,2022-06-03
MCO,Moody's,Financials,NYQ,USD,282.38,52.494442496,,2022-06-03
MS,Morgan Stanley,Financials,NYQ,USD,85.0,152.524849152,,2022-06-03
MOS,Mosaic,Materials,NYQ,USD,58.69,21.739362304,,2022-06-03
MSI,Motorola Solutions,Information Technology,NYQ,USD,217.62,36.755361792,,2022-06-03
MSCI,MSCI,Financials,NYQ,USD,431.45,35.57163008,,2022-06-03
NDAQ,Nasdaq,Financials,NMS,USD,152.27,25.462894592,,2022-06-03
NTAP,NetApp,Information Technology,NMS,USD,72.51,16.117378048,,2022-06-03
NFLX,Netflix,Communication Services,NMS,USD,192.91,85.449875456,,2022-06-03
NWL,Newell Brands,Consumer Discretionary,NMS,USD,21.49,9.141846016,,2022-06-03
NEM,Newmont,Materials,NYQ,USD,67.27,53.64344832,,2022-06-03
NWSA,News Corp (Class A),Communication Services,NMS,USD,17.21,10.22317056,,2022-06-03
NWS,News Corp (Class B),Communication Services,NMS,USD,17.38,10.238035968,,2022-06-03
NEE,NextEra Energy,Utilities,NYQ,USD,76.17,149.456207872,,2022-06-03
NLSN,Nielsen,Industrials,NYQ,USD,25.43,9.127514112,,2022-06-03
NKE,Nike,Consumer Discretionary,NYQ,USD,118.68,187.849080832,,2022-06-03
NI,NiSource,Utilities,NYQ,USD,31.34,12.30737408,,2022-06-03
NDSN,Nordson,Industrials,NMS,USD,215.35,12.528330752,,2022-06-03
NSC,Norfolk Southern,Industrials,NYQ,USD,241.94,58.874888192,,2022-06-03
NTRS,Northern Trust,Financials,NMS,USD,108.76,22.58521088,,2022-06-03
NOC,Northrop Grumman,Industrials,NYQ,USD,464.25,73.044164608,,2022-06-03
NLOK,NortonLifeLock,Information Technology,NMS,USD,24.36,14.171552768,,2022-06-03
NCLH,Norwegian Cruise Line Holdings,Consumer Discretionary,NYQ,USD,15.29,6.374278656,,2022-06-03
NRG,NRG Energy,Utilities,NYQ,USD,45.49,11.137726464,,2022-06-03
NUE,Nucor,Materials,NYQ,USD,130.71,37.35678976,,2022-06-03
NVDA,Nvidia,Information Technology,NMS,USD,183.2,456.534392832,,2022-06-03
NVR,NVR,Consumer Discretionary,NYQ,USD,4387.68,15.28119296,,2022-06-03
NXPI,NXP,Information Technology,NMS,USD,184.57,49.083252736,,2022-06-03
ORLY,O'Reilly Automotive,Consumer Discretionary,NMS,USD,624.61,42.085220352,,2022-06-03
OXY,Occidental Petroleum,Energy,NYQ,USD,70.42,65.770938368,,2022-06-03
ODFL,Old Dominion,Industrials,NMS,USD,257.42,29.60613376,,2022-06-03
OMC,Omnicom Group,Communication Services,NYQ,USD,72.92,15.499802624,,2022-06-03
OKE,Oneok,Energy,NYQ,USD,66.85,29.810886656,,2022-06-03
ORCL,Oracle,Information Technology,NYQ,USD,71.6,191.204212736,,2022-06-03
OGN,Organon,Health Care,NYQ,USD,37.75,9.57151232,,2022-06-03
OTIS,Otis,Industrials,NYQ,USD,73.97,31.420162048,,2022-06-03
PCAR,Paccar,Industrials,NMS,USD,88.54,30.739050496,,2022-06-03
PKG,Packaging Corporation of America,Materials,NYQ,USD,157.47,14.958201856,,2022-06-03
PARA,Paramount,Communication Services,NMS,USD,32.35,0.0,,2022-06-03
PH,Parker,Industrials,NYQ,USD,272.5,35.020337152,,2022-06-03
PAYX,Paychex,Information Technology,NMS,USD,122.26,44.106149888,,2022-06-03
PAYC,Paycom,Information Technology,NYQ,USD,282.18,16.938080256,,2022-06-03
PYPL,PayPal,Information Technology,NMS,USD,82.48,96.908230656,,2022-06-03
PENN,Penn National Gaming,Consumer Discretionary,NMS,USD,31.88,5.40410624,,2022-06-03
PNR,Pentair,Industrials,NYQ,USD,49.58,8.204399616,,2022-06-03
PEP,PepsiCo,Consumer Staples,NMS,USD,166.49,230.197395456,,2022-06-03
PKI,PerkinElmer,Health Care,NYQ,USD,146.1,18.437820416,,2022-06-03
PFE,Pfizer,Health Care,NYQ,USD,52.37,293.94599936,,2022-06-03
PM,Philip Morris International,Consumer Staples,NYQ,USD,105.76,164.650336256,,2022-06-03
PSX,Phillips 66,Energy,NYQ,USD,103.18,45.213679616,,2022-06-03
PNW,Pinnacle West,Utilities,NYQ,USD,77.43,8.73557504,,2022-06-03
PXD,Pioneer Natural Resources,Energy,NYQ,USD,277.82,67.825307648,,2022-06-03
PNC,PNC Financial Services,Financials,NYQ,USD,172.44,72.88020992,,2022-06-03
POOL,Pool Corporation,Consumer Discretionary,NMS,USD,393.04,15.756187648,,2022-06-03
PPG,PPG Industries,Materials,NYQ,USD,125.37,29.762963456,,2022-06-03
PPL,PPL,Utilities,NYQ,USD,29.93,22.468931584,,2022-06-03
PFG,Principal,Financials,NMS,USD,71.6,18.97893888,,2022-06-03
PG,Procter & Gamble,Consumer Staples,NYQ,USD,145.64,352.441532416,,2022-06-03
PGR,Progressive,Financials,NYQ,USD,118.47,69.2338688,,2022-06-03
PLD,Prologis,Real Estate,NYQ,USD,125.86,93.051691008,,2022-06-03
PRU,Prudential,Financials,NYQ,USD,105.32,39.810961408,,2022-06-03
PEG,PSEG,Utilities,NYQ,USD,68.1,34.435719168,,2022-06-03
PTC,PTC,Information Technology,NMS,USD,116.42,13.722657792,,2022-06-03
PSA,Public Storage,Real Estate,NYQ,USD,330.62,57.975873536,,2022-06-03
PHM,PulteGroup,Consumer Discretionary,NYQ,USD,44.92,11.373114368,,2022-06-03
PVH,PVH,Consumer Discretionary,NYQ,USD,71.11,4.976107008,,2022-06-03
QRVO,Qorvo,Information Technology,NMS,USD,109.59,12.079338496,,2022-06-03
PWR,Quanta,Industrials,NYQ,USD,119.78,17.068530688,,2022-06-03
QCOM,Qualcomm,Information Technology,NMS,USD,140.02,156.82240512,,2022-06-03
DGX,Quest Diagnostics,Health Care,NYQ,USD,138.62,17.005207552,,2022-06-03
RL,Ralph Lauren,Consumer Discretionary,NYQ,USD,101.19,7.449304576,,2022-06-03
RJF,Raymond James,Financials,NYQ,USD,97.74,20.150274048,,2022-06-03
RTX,Raytheon Technologies,Industrials,NYQ,USD,94.81,141.909704704,,2022-06-03
O,Realty Income,Real Estate,NYQ,USD,68.08,38.517280768,,2022-06-03
REG,Regency Centers,Real Estate,NMS,USD,67.35,11.531194368,,2022-06-03
REGN,Regeneron,Health Care,NMS,USD,658.92,70.8622336,,2022-06-03
RF,Regions,Financials,NYQ,USD,21.61,20.600446976,,2022-06-03
RSG,Republic Services,Industrials,NYQ,USD,133.97,42.481217536,,2022-06-03
RMD,ResMed,Health Care,NYQ,USD,202.71,29.53951232,,2022-06-03
RHI,Robert Half,Industrials,NYQ,USD,86.97,9.68237056,,2022-06-03
ROK,Rockwell Automation,Industrials,NYQ,USD,217.01,25.175980032,,2022-06-03
ROL,Rollins,Industrials,NYQ,USD,34.99,17.216794624,,2022-06-03
ROP,Roper,Industrials,NYQ,USD,430.83,45.44610304,,2022-06-03
ROST,Ross,Consumer Discretionary,NMS,USD,82.66,29.206257664,,2022-06-03
RCL,Royal Caribbean Group,Consumer Discretionary,NYQ,USD,55.57,14.158680064,,2022-06-03
SPGI,S&P Global,Financials,NYQ,USD,332.01,80.014409728,,2022-06-03
CRM,Salesforce,Information Technology,NYQ,USD,176.07,173.428965376,,2022-06-03
SBAC,SBA Communications,Real Estate,NMS,USD,331.08,36.015210496,,2022-06-03
SLB,Schlumberger,Energy,NYQ,USD,46.68,65.474768896,,2022-06-03
STX,Seagate,Information Technology,NMS,USD,83.68,18.630180864,,2022-06-03
SEE,Sealed Air,Materials,NYQ,USD,62.25,9.222772736,,2022-06-03
SRE,Sempra Energy,Utilities,NYQ,USD,163.52,52.217987072,,2022-06-03
NOW,ServiceNow,Information Technology,NYQ,USD,475.13,94.550867968,,2022-06-03
SHW,Sherwin-Williams,Materials,NYQ,USD,265.26,69.550112768,,2022-06-03
SBNY,Signature Bank,Financials,NMS,USD,211.83,12.843761664,,2022-06-03
SPG,Simon,Real Estate,NYQ,USD,111.17,36.532576256,,2022-06-03
SWKS,Skyworks,Information Technology,NMS,USD,107.27,17.741064192,,2022-06-03
SJM,Smucker,Consumer Staples,NYQ,USD,124.55,13.49661184,,2022-06-03
SNA,Snap-on,Industrials,NYQ,USD,216.96,11.614953472,,2022-06-03
SEDG,SolarEdge,Information Technology,NMS,USD,272.48,14.310513664,,2022-06-03
SO,Southern Company,Utilities,NYQ,USD,75.55,80.067895296,,2022-06-03
LUV,Southwest Airlines,Industrials,NYQ,USD,44.15,26.13326848,,2022-06-03
SWK,Stanley Black & Decker,Industrials,NYQ,USD,114.7,18.699884544,,2022-06-03
SBUX,Starbucks,Consumer Discretionary,NMS,USD,76.28,0.0,,2022-06-03
STT,State Street,Financials,NYQ,USD,69.95,25.575747584,,2022-06-03
STE,Steris,Health Care,NYQ,USD,221.46,22.151094272,,2022-06-03
SYK,Stryker,Health Care,NYQ,USD,228.0,86.01071616,,2022-06-03
SIVB,SVB Financial,Financials,NMS,USD,474.72,27.860082688,,2022-06-03
SYF,Synchrony,Financials,NYQ,USD,35.87,19.630180352,,2022-06-03
SNPS,Synopsys,Information Technology,NMS,USD,316.86,48.618360832,,2022-06-03
SYY,Sysco,Consumer Staples,NYQ,USD,83.25,42.678611968,,2022-06-03
TMUS,T-Mobile,Communication Services,NMS,USD,134.56,168.072167424,,2022-06-03
TROW,T. Rowe Price,Financials,NMS,USD,123.89,28.395339776,,2022-06-03
TTWO,Take-Two Interactive,Communication Services,NMS,USD,124.63,14.369839104,,2022-06-03
TPR,Tapestry,Consumer Discretionary,NYQ,USD,34.14,9.3933824,,2022-06-03
TGT,Target,Consumer Discretionary,NYQ,USD,156.52,74.992492544,,2022-06-03
TEL,TE Connectivity,Information Technology,NYQ,USD,128.16,41.820274688,,2022-06-03
TDY,Teledyne,Industrials,NYQ,USD,398.83,18.60749312,,2022-06-03
TFX,Teleflex,Health Care,NYQ,USD,282.86,13.250576384,,2022-06-03
TER,Teradyne,Information Technology,NMS,USD,106.64,17.382746112,,2022-06-03
TSLA,Tesla,Consumer Discretionary,NMS,USD,740.37,743.5239424,,2022-06-03
TXN,Texas Instruments,Information Technology,NMS,USD,174.42,161.081409536,,2022-06-03
TXT,Textron,Industrials,NYQ,USD,65.31,14.3959552,,2022-06-03
TMO,Thermo Fisher Scientific,Health Care,NYQ,USD,556.22,219.1773696,,2022-06-03
TJX,TJX Companies,Consumer Discretionary,NYQ,USD,62.5,74.554998784,,2022-06-03
TSCO,Tractor Supply,Consumer Discretionary,NMS,USD,190.66,21.699969024,,2022-06-03
TT,Trane Technologies,Industrials,NYQ,USD,136.34,32.386203648,,2022-06-03
TDG,TransDigm,Industrials,NYQ,USD,600.09,33.15431424,,2022-06-03
TRV,Travelers,Financials,NYQ,USD,176.29,43.368923136,,2022-06-03
TRMB,Trimble,Information Technology,NMS,USD,67.24,16.877776896,,2022-06-03
TFC,Truist,Financials,NYQ,USD,48.92,65.30281472,,2022-06-03
TWTR,Twitter,Communication Services,NYQ,USD,39.3,31.424671744,,2022-06-03
TYL,Tyler Technologies,Information Technology,NYQ,USD,345.87,14.17247232,,2022-06-03
TSN,Tyson,Consumer Staples,NYQ,USD,88.14,32.001957888,,2022-06-03
USB,U.S. Bank,Financials,NYQ,USD,51.75,76.734898176,,2022-06-03
UDR,UDR,Real Estate,NYQ,USD,47.92,14.816191488,,2022-06-03
ULTA,Ulta Beauty,Consumer Discretionary,NMS,USD,407.32,22.044239872,,2022-06-03
UAA,Under Armour (Class A),Consumer Discretionary,NYQ,USD,10.33,4.520366592,,2022-06-03
UA,Under Armour (Class C),Consumer Discretionary,NYQ,USD,9.41,4.857216,,2022-06-03
UNP,Union Pacific,Industrials,NYQ,USD,221.32,142.281326592,,2022-06-03
UAL,United Airlines,Industrials,NMS,USD,45.49,14.729980928,,2022-06-03
UNH,UnitedHealth Group,Health Care,NYQ,USD,492.55,463.90870016,,2022-06-03
UPS,United Parcel Service,Industrials,NYQ,USD,180.23,156.64545792,,2022-06-03
URI,United Rentals,Industrials,NYQ,USD,293.5,21.247756288,,2022-06-03
UHS,Universal Health Services,Health Care,NYQ,USD,120.75,9.705509888,,2022-06-03
VLO,Valero,Energy,NYQ,USD,132.55,54.191214592,,2022-06-03
VTR,Ventas,Real Estate,NYQ,USD,56.53,22.565419008,,2022-06-03
VRSN,Verisign,Information Technology,NMS,USD,174.37,19.368671232,,2022-06-03
VRSK,Verisk,Industrials,NMS,USD,171.23,27.595595776,,2022-06-03
VZ,Verizon,Communication Services,NYQ,USD,51.4,215.764877312,,2022-06-03
VRTX,Vertex,Health Care,NMS,USD,269.41,68.498030592,,2022-06-03
VFC,VF Corporation,Consumer Discretionary,NYQ,USD,49.83,19.572328448,,2022-06-03
VTRS,Viatris,Health Care,NMS,USD,12.07,14.597336064,,2022-06-03
V,Visa,Information Technology,NYQ,USD,209.93,0.0,,2022-06-03
VNO,Vornado Realty Trust,Real Estate,NYQ,USD,33.82,6.482651136,,2022-06-03
VMC,Vulcan Materials,Materials,NYQ,USD,164.54,21.835280384,,2022-06-03
WAB,Wabtec,Industrials,NYQ,USD,93.21,17.413584896,,2022-06-03
WMT,Walmart,Consumer Staples,NYQ,USD,125.45,347.983249408,,2022-06-03
WBA,Walgreens Boots Alliance,Consumer Staples,NMS,USD,43.26,37.3742592,,2022-06-03
WBD,Warner Bros. Discovery,Communication Services,NMS,USD,17.66,0.0,,2022-06-03
WM,Waste Management,Industrials,NYQ,USD,158.53,66.315636736,,2022-06-03
WAT,Waters,Health Care,NYQ,USD,321.8,19.641481216,,2022-06-03
WEC,WEC Energy Group,Utilities,NYQ,USD,104.67,33.016582144,,2022-06-03
WFC,Wells Fargo,Financials,NYQ,USD,45.16,180.063305728,,2022-06-03
WELL,Welltower,Real Estate,NYQ,USD,88.16,38.37384704,,2022-06-03
WST,West Pharmaceutical Services,Health Care,NYQ,USD,308.58,22.859511808,,2022-06-03
WDC,Western Digital,Information Technology,NMS,USD,60.28,18.78463488,,2022-06-03
WRK,WestRock,Materials,NYQ,USD,48.14,12.665056256,,2022-06-03
WY,Weyerhaeuser,Real Estate,NYQ,USD,38.71,28.995530752,,2022-06-03
WHR,Whirlpool,Consumer Discretionary,NYQ,USD,180.53,10.965951488,,2022-06-03
WMB,Williams,Energy,NYQ,USD,37.43,45.478572032,,2022-06-03
WTW,Willis Towers Watson,Financials,NMS,USD,208.47,0.0,,2022-06-03
WYNN,Wynn Resorts,Consumer Discretionary,NMS,USD,65.13,7.53280512,,2022-06-03
XEL,Xcel Energy,Utilities,NMS,USD,75.12,40.465338368,,2022-06-03
XYL,Xylem,Industrials,NYQ,USD,83.75,15.10221824,,2022-06-03
YUM,Yum! Brands,Consumer Discretionary,NYQ,USD,119.42,35.005939712,,2022-06-03
ZBRA,Zebra,Information Technology,NMS,USD,334.55,17.878853632,,2022-06-03
ZBH,Zimmer Biomet,Health Care,NYQ,USD,119.28,24.918546432,,2022-06-03
ZION,Zions Bancorp,Financials,NMS,USD,56.0,8.761928704,,2022-06-03
ZTS,Zoetis,Health Care,NYQ,USD,167.02,79.02150656,,2022-06-03
0027.HK,GALAXY ENT,Consumer Discretionary,HKG,HKD,41.3,180.049412096,,2022-06-03
0066.HK,MTR CORPORATION,Consumer Discretionary,HKG,HKD,42.2,261.364023296,,2022-06-03
0116.HK,CHOW SANG SANG,Consumer Discretionary,HKG,HKD,8.6,5.825932288,,2022-06-03
0175.HK,GEELY AUTO,Consumer Discretionary,HKG,HKD,15.32,153.51865344,,2022-06-03
0179.HK,JOHNSON ELEC H,Consumer Discretionary,HKG,HKD,10.36,9.386190848,,2022-06-03
0200.HK,MELCO INT'L DEV,Consumer Discretionary,HKG,HKD,5.38,8.159254016,,2022-06-03
0256.HK,CITYCHAMP,Consumer Discretionary,HKG,HKD,1.19,5.17874944,,2022-06-03
0293.HK,CATHAY PAC AIR,Consumer Discretionary,HKG,HKD,8.24,53.04252416,,2022-06-03
0308.HK,CHINA TRAVEL HK,Consumer Discretionary,HKG,HKD,1.46,8.083479552,,2022-06-03
0341.HK,CAFE DE CORAL H,Consumer Discretionary,HKG,HKD,12.2,7.145588736,,2022-06-03
0425.HK,MINTH GROUP,Consumer Discretionary,HKG,HKD,20.0,23.228002304,,2022-06-03
0493.HK,GOME RETAIL,Consumer Discretionary,HKG,HKD,0.395,13.333817344,,2022-06-03
0520.HK,XIABUXIABU,Consumer Discretionary,HKG,HKD,3.54,3.844086016,,2022-06-03
0551.HK,YUE YUEN IND,Consumer Discretionary,HKG,HKD,11.2,18.056415232,,2022-06-03
0590.HK,LUK FOOK HOLD,Consumer Discretionary,HKG,HKD,17.84,10.474006528,,2022-06-03
0667.HK,CHINA EAST EDU,Consumer Discretionary,HKG,HKD,3.62,7.872341504,,2022-06-03
0669.HK,TECHTRONIC IND,Consumer Discretionary,HKG,HKD,99.6,182.719184896,,2022-06-03
0670.HK,CHINA EAST AIR,Consumer Discretionary,HKG,HKD,2.77,90.214744064,,2022-06-03
0694.HK,BEIJING AIRPORT,Consumer Discretionary,HKG,HKD,4.56,20.88105984,,2022-06-03
0751.HK,SKYWORTH GROUP,Consumer Discretionary,HKG,HKD,3.95,10.374161408,,2022-06-03
0753.HK,AIR CHINA,Consumer Discretionary,HKG,HKD,5.68,138.840211456,,2022-06-03
0772.HK,CHINA LIT,Consumer Discretionary,HKG,HKD,33.5,34.238005248,,2022-06-03
0780.HK,TONGCHENGTRAVEL,Consumer Discretionary,HKG,HKD,14.36,31.846029312,,2022-06-03
0839.HK,CHINA EDU GROUP,Consumer Discretionary,HKG,HKD,5.21,12.436634624,,2022-06-03
0880.HK,SJM HOLDINGS,Consumer Discretionary,HKG,HKD,3.29,18.691936256,,2022-06-03
0881.HK,ZHONGSHENG HLDG,Consumer Discretionary,HKG,HKD,58.5,141.106085888,,2022-06-03
0973.HK,L'OCCITANE,Consumer Discretionary,HKG,HKD,23.85,34.97984,,2022-06-03
1055.HK,CHINA SOUTH AIR,Consumer Discretionary,HKG,HKD,4.25,114.54685184,,2022-06-03
1060.HK,ALI PICTURES,Consumer Discretionary,HKG,HKD,0.69,18.613233664,,2022-06-03
1070.HK,TCL ELECTRONICS,Consumer Discretionary,HKG,HKD,3.71,9.258268672,,2022-06-03
1121.HK,GOLDENSOLAR,Consumer Discretionary,HKG,HKD,6.95,11.89777408,,2022-06-03
1128.HK,WYNN MACAU,Consumer Discretionary,HKG,HKD,4.57,23.810750464,,2022-06-03
1179.HK,HUAZHU-S,Consumer Discretionary,HKG,HKD,25.8,83.029303296,,2022-06-03
1211.HK,BYD COMPANY,Consumer Discretionary,HKG,HKD,284.4,954.25298432,,2022-06-03
1212.HK,LIFESTYLE INT'L,Consumer Discretionary,HKG,HKD,3.26,4.896259072,,2022-06-03
1234.HK,CHINA LILANG,Consumer Discretionary,HKG,HKD,3.92,4.694160896,,2022-06-03
1268.HK,MEIDONG AUTO,Consumer Discretionary,HKG,HKD,27.9,35.503587328,,2022-06-03
1316.HK,NEXTEER,Consumer Discretionary,HKG,HKD,5.26,13.20165376,,2022-06-03
1368.HK,XTEP INT'L,Consumer Discretionary,HKG,HKD,11.62,29.070450688,,2022-06-03
1382.HK,PACIFICTEXTILES,Consumer Discretionary,HKG,HKD,3.6,5.08035584,,2022-06-03
1448.HK,FU SHOU YUAN,Consumer Discretionary,HKG,HKD,5.48,12.71562752,,2022-06-03
1585.HK,YADEA,Consumer Discretionary,HKG,HKD,13.84,42.402992128,,2022-06-03
1691.HK,JS GLOBAL LIFE,Consumer Discretionary,HKG,HKD,8.5,29.704183808,,2022-06-03
1765.HK,HOPE EDU,Consumer Discretionary,HKG,HKD,0.455,3.631473408,,2022-06-03
1773.HK,TIANLI EDU,Consumer Discretionary,HKG,HKD,0.64,1.378559872,,2022-06-03
1797.HK,KOOLEARN,Consumer Discretionary,HKG,HKD,3.65,3.652627968,,2022-06-03
1860.HK,MOBVISTA,Consumer Discretionary,HKG,HKD,4.71,7.737399296,,2022-06-03
1890.HK,CHINA KEPEI,Consumer Discretionary,HKG,HKD,1.69,3.4057728,,2022-06-03
1896.HK,MAOYAN ENT,Consumer Discretionary,HKG,HKD,6.54,7.47940608,,2022-06-03
1910.HK,SAMSONITE,Consumer Discretionary,HKG,HKD,17.52,25.174663168,,2022-06-03
1913.HK,PRADA,Consumer Discretionary,HKG,HKD,47.15,120.648368128,,2022-06-03
1928.HK,SANDS CHINA LTD,Consumer Discretionary,HKG,HKD,14.72,119.131758592,,2022-06-03
1929.HK,CHOW TAI FOOK,Consumer Discretionary,HKG,HKD,13.36,133.599993856,,2022-06-03
1958.HK,BAIC MOTOR,Consumer Discretionary,HKG,HKD,2.59,20.759730176,,2022-06-03
1981.HK,CATHAY EDU,Consumer Discretionary,HKG,HKD,1.02,1.688038784,,2022-06-03
1992.HK,FOSUN TOURISM,Consumer Discretionary,HKG,HKD,10.98,13.6012544,,2022-06-03
1999.HK,MAN WAH HLDGS,Consumer Discretionary,HKG,HKD,7.49,29.425063936,,2022-06-03
2001.HK,NEW HIGHER EDU,Consumer Discretionary,HKG,HKD,2.49,3.89025152,,2022-06-03
2013.HK,WEIMOB INC,Consumer Discretionary,HKG,HKD,4.62,11.77388544,,2022-06-03
2015.HK,LI AUTO-W,Consumer Discretionary,HKG,HKD,100.8,194.499657728,,2022-06-03
2020.HK,ANTA SPORTS,Consumer Discretionary,HKG,HKD,86.0,233.37132032,,2022-06-03
2148.HK,VESYNC,Consumer Discretionary,HKG,HKD,5.53,6.430726656,,2022-06-03
2150.HK,NAYUKI,Consumer Discretionary,HKG,HKD,6.3,10.80531968,,2022-06-03
2238.HK,GAC GROUP,Consumer Discretionary,HKG,HKD,7.8,163.420143616,,2022-06-03
2282.HK,MGM CHINA,Consumer Discretionary,HKG,HKD,4.01,15.23800064,,2022-06-03
2285.HK,CHERVON,Consumer Discretionary,HKG,HKD,47.2,23.138336768,,2022-06-03
2313.HK,SHENZHOU INTL,Consumer Discretionary,HKG,HKD,106.0,159.341314048,,2022-06-03
2331.HK,LI NING,Consumer Discretionary,HKG,HKD,60.0,157.041590272,,2022-06-03
2333.HK,GREATWALL MOTOR,Consumer Discretionary,HKG,HKD,15.08,302.829010944,,2022-06-03
2588.HK,BOC AVIATION,Consumer Discretionary,HKG,HKD,65.15,45.214752768,,2022-06-03
2678.HK,TEXHONG TEXTILE,Consumer Discretionary,HKG,HKD,8.77,8.050860544,,2022-06-03
3606.HK,FUYAO GLASS,Consumer Discretionary,HKG,HKD,39.2,121.23344896,,2022-06-03
3669.HK,YONGDA AUTO,Consumer Discretionary,HKG,HKD,8.78,17.272629248,,2022-06-03
3813.HK,POU SHENG INT'L,Consumer Discretionary,HKG,HKD,0.81,4.314205696,,2022-06-03
3818.HK,CHINA DONGXIANG,Consumer Discretionary,HKG,HKD,0.42,2.472775168,,2022-06-03
3918.HK,NAGACORP,Consumer Discretionary,HKG,HKD,6.65,28.86771712,,2022-06-03
3998.HK,BOSIDENG,Consumer Discretionary,HKG,HKD,4.17,45.383364608,,2022-06-03
6100.HK,TONGDAO LIEPIN,Consumer Discretionary,HKG,HKD,11.8,6.306439168,,2022-06-03
6110.HK,TOPSPORTS,Consumer Discretionary,HKG,HKD,5.81,36.029087744,,2022-06-03
6169.HK,YUHUA EDU,Consumer Discretionary,HKG,HKD,1.03,3.702324736,,2022-06-03
6601.HK,CHEERWIN GP,Consumer Discretionary,HKG,HKD,2.4,3.19999232,,2022-06-03
6690.HK,HAIER SMARTHOME,Consumer Discretionary,HKG,HKD,27.35,265.607348224,,2022-06-03
6862.HK,HAIDILAO,Consumer Discretionary,HKG,HKD,14.82,82.606678016,,2022-06-03
6969.HK,SMOORE INTL,Consumer Discretionary,HKG,HKD,18.86,113.13057792,,2022-06-03
6988.HK,JOY SPREADER,Consumer Discretionary,HKG,HKD,3.36,7.324564992,,2022-06-03
6993.HK,BLUE MOON GROUP,Consumer Discretionary,HKG,HKD,6.11,35.808264192,,2022-06-03
9868.HK,XPENG-W,Consumer Discretionary,HKG,HKD,91.5,155.786985472,,2022-06-03
9869.HK,HELENS,Consumer Discretionary,HKG,HKD,13.7,16.703725568,,2022-06-03
9899.HK,CLOUD VILLAGE,Consumer Discretionary,HKG,HKD,73.95,15.363629056,,2022-06-03
9901.HK,NEW ORIENTAL-S,Consumer Discretionary,HKG,HKD,10.1,17.139397632,,2022-06-03
9922.HK,JIUMAOJIU,Consumer Discretionary,HKG,HKD,17.86,25.957904384,,2022-06-03
9961.HK,TRIP.COM-S,Consumer Discretionary,HKG,HKD,171.3,109.93246208,,2022-06-03
9987.HK,YUM CHINA-S,Consumer Discretionary,HKG,HKD,359.6,151.546232832,,2022-06-03
9992.HK,POP MART,Consumer Discretionary,HKG,HKD,31.8,46.480150528,,2022-06-03
0142.HK,FIRST PACIFIC,Consumer Staples,HKG,HKD,3.56,15.206859776,,2022-06-03
0151.HK,WANT WANT CHINA,Consumer Staples,HKG,HKD,7.63,90.793181184,,2022-06-03
0168.HK,TSINGTAO BREW,Consumer Staples,HKG,HKD,67.55,119.124434944,,2022-06-03
0220.HK,U-PRESID CHINA,Consumer Staples,HKG,HKD,6.23,26.909425664,,2022-06-03
0288.HK,WH GROUP,Consumer Staples,HKG,HKD,6.13,78.649122816,,2022-06-03
0291.HK,CHINA RES BEER,Consumer Staples,HKG,HKD,48.35,156.84739072,,2022-06-03
0322.HK,TINGYI,Consumer Staples,HKG,HKD,13.92,78.383104,,2022-06-03
0336.HK,HUABAO INTL,Consumer Staples,HKG,HKD,4.06,13.113516032,,2022-06-03
0345.HK,VITASOY INT'L,Consumer Staples,HKG,HKD,14.0,14.980140032,,2022-06-03
0506.HK,CHINA FOODS,Consumer Staples,HKG,HKD,2.73,7.63641088,,2022-06-03
0546.HK,FUFENG GROUP,Consumer Staples,HKG,HKD,3.78,9.577158656,,2022-06-03
1044.HK,HENGAN INT'L,Consumer Staples,HKG,HKD,38.35,44.567298048,,2022-06-03
1112.HK,H&H INTL HLDG,Consumer Staples,HKG,HKD,9.69,6.252094464,,2022-06-03
1117.HK,CH MODERN D,Consumer Staples,HKG,HKD,1.15,9.103008768,,2022-06-03
1458.HK,ZHOU HEI YA,Consumer Staples,HKG,HKD,4.02,9.317274624,,2022-06-03
1475.HK,NISSIN FOODS,Consumer Staples,HKG,HKD,5.11,5.333256192,,2022-06-03
1579.HK,YIHAI INTL,Consumer Staples,HKG,HKD,24.75,25.91077376,,2022-06-03
1610.HK,COFCO JOYCOME,Consumer Staples,HKG,HKD,3.04,11.862080512,,2022-06-03
1717.HK,AUSNUTRIA,Consumer Staples,HKG,HKD,8.24,14.902452224,,2022-06-03
1876.HK,BUD APAC,Consumer Staples,HKG,HKD,21.7,287.373099008,,2022-06-03
2319.HK,MENGNIU DAIRY,Consumer Staples,HKG,HKD,39.85,157.583622144,,2022-06-03
3331.HK,VINDA INT'L,Consumer Staples,HKG,HKD,18.72,22.500878336,,2022-06-03
3799.HK,DALI FOODS,Consumer Staples,HKG,HKD,3.99,54.639460352,,2022-06-03
6055.HK,CTIHK,Consumer Staples,HKG,HKD,11.14,7.705315328,,2022-06-03
6186.HK,CHINA FEIHE,Consumer Staples,HKG,HKD,8.03,71.412555776,,2022-06-03
6808.HK,SUNART RETAIL,Consumer Staples,HKG,HKD,2.49,23.753852928,,2022-06-03
9633.HK,NONGFU SPRING,Consumer Staples,HKG,HKD,42.95,483.037184,,2022-06-03
9858.HK,YOURAN DAIRY,Consumer Staples,HKG,HKD,3.08,11.689831424,,2022-06-03
0013.HK,HUTCHMED,Health Care,HKG,HKD,16.5,14.264761344,,2022-06-03
0241.HK,ALI HEALTH,Health Care,HKG,HKD,3.92,52.989779968,,2022-06-03
0460.HK,SIHUAN PHARM,Health Care,HKG,HKD,1.16,10.82279936,,2022-06-03
0512.HK,GRAND PHARMA,Health Care,HKG,HKD,4.17,14.801707008,,2022-06-03
0570.HK,TRAD CHI MED,Health Care,HKG,HKD,4.02,20.2439168,,2022-06-03
0775.HK,CKLIFE SCIENCES,Health Care,HKG,HKD,0.63,6.054974464,,2022-06-03
0853.HK,MICROPORT,Health Care,HKG,HKD,16.9,30.770673664,,2022-06-03
0867.HK,CMS,Health Care,HKG,HKD,10.68,26.194941952,,2022-06-03
1066.HK,WEIGAO GROUP,Health Care,HKG,HKD,7.92,35.816853504,,2022-06-03
1093.HK,CSPC PHARMA,Health Care,HKG,HKD,7.48,89.260335104,,2022-06-03
1099.HK,SINOPHARM,Health Care,HKG,HKD,18.52,57.794625536,,2022-06-03
1167.HK,JACOBIO-B,Health Care,HKG,HKD,6.92,5.338516992,,2022-06-03
1177.HK,SINO BIOPHARM,Health Care,HKG,HKD,4.17,78.459379712,,2022-06-03
1302.HK,LIFETECH SCI,Health Care,HKG,HKD,2.39,11.065772032,,2022-06-03
1477.HK,OCUMENSION-B,Health Care,HKG,HKD,10.64,7.094145536,,2022-06-03
1513.HK,LIVZON PHARMA,Health Care,HKG,HKD,25.25,32.244504576,,2022-06-03
1515.HK,CR MEDICAL,Health Care,HKG,HKD,4.29,5.56275712,,2022-06-03
1521.HK,FRONTAGE,Health Care,HKG,HKD,2.76,5.725564928,,2022-06-03
1530.HK,3SBIO,Health Care,HKG,HKD,5.81,14.654911488,,2022-06-03
1548.HK,GENSCRIPT BIO,Health Care,HKG,HKD,22.35,46.838673408,,2022-06-03
1789.HK,AK MEDICAL,Health Care,HKG,HKD,4.58,5.10990592,,2022-06-03
1801.HK,INNOVENT BIO,Health Care,HKG,HKD,24.3,35.529269248,,2022-06-03
1833.HK,PA GOODDOCTOR,Health Care,HKG,HKD,19.46,21.77204224,,2022-06-03
1873.HK,VIVA BIOTECH,Health Care,HKG,HKD,2.33,4.462974976,,2022-06-03
1877.HK,JUNSHI BIO,Health Care,HKG,HKD,41.4,70.913646592,,2022-06-03
1951.HK,JXR,Health Care,HKG,HKD,5.94,14.86098944,,2022-06-03
1952.HK,EVEREST MED-B,Health Care,HKG,HKD,21.35,6.39581952,,2022-06-03
2005.HK,SSY GROUP,Health Care,HKG,HKD,3.46,10.334154752,,2022-06-03
2096.HK,SIMCERE PHARMA,Health Care,HKG,HKD,8.91,23.583967232,,2022-06-03
2126.HK,JW THERAP-B,Health Care,HKG,HKD,7.35,3.017527808,,2022-06-03
2137.HK,BRII-B,Health Care,HKG,HKD,8.11,5.841567744,,2022-06-03
2138.HK,EC HEALTHCARE,Health Care,HKG,HKD,7.81,9.203147776,,2022-06-03
2142.HK,HBM HOLDINGS-B,Health Care,HKG,HKD,3.69,2.750116608,,2022-06-03
2158.HK,YIDU TECH,Health Care,HKG,HKD,7.35,7.221073408,,2022-06-03
2160.HK,CARDIOFLOW-B,Health Care,HKG,HKD,2.32,5.576259072,,2022-06-03
2162.HK,KEYMED BIO-B,Health Care,HKG,HKD,24.25,6.78359808,,2022-06-03
2171.HK,CARSGEN-B,Health Care,HKG,HKD,11.08,6.288310272,,2022-06-03
2186.HK,LUYE PHARMA,Health Care,HKG,HKD,2.34,8.3062272,,2022-06-03
2192.HK,MEDLIVE,Health Care,HKG,HKD,8.64,6.166593024,,2022-06-03
2196.HK,FOSUN PHARMA,Health Care,HKG,HKD,32.05,118.178922496,,2022-06-03
2197.HK,CLOVER BIO-B,Health Care,HKG,HKD,3.88,4.493466624,,2022-06-03
2252.HK,MEDBOT-B,Health Care,HKG,HKD,24.45,23.437623296,,2022-06-03
2269.HK,WUXI BIO,Health Care,HKG,HKD,57.0,240.266395648,,2022-06-03
2273.HK,GUSHENGTANG,Health Care,HKG,HKD,30.3,6.980998656,,2022-06-03
2279.HK,YONGHE MEDICAL,Health Care,HKG,HKD,10.4,5.481631744,,2022-06-03
2359.HK,WUXI APPTEC,Health Care,HKG,HKD,91.25,308.508033024,,2022-06-03
2500.HK,VENUS MEDTECH-B,Health Care,HKG,HKD,13.52,5.962468864,,2022-06-03
2607.HK,SH PHARMA,Health Care,HKG,HKD,12.52,69.182390272,,2022-06-03
2616.HK,CSTONE PHARMA-B,Health Care,HKG,HKD,5.1,6.03442176,,2022-06-03
3309.HK,C-MER EYE,Health Care,HKG,HKD,4.53,5.59740416,,2022-06-03
3320.HK,CHINARES PHARMA,Health Care,HKG,HKD,4.32,27.14044416,,2022-06-03
3347.HK,TIGERMED,Health Care,HKG,HKD,70.5,80.151445504,,2022-06-03
3613.HK,TONGRENTANGCM,Health Care,HKG,HKD,10.56,8.839776256,,2022-06-03
3692.HK,HANSOH PHARMA,Health Care,HKG,HKD,12.48,73.91092736,,2022-06-03
3759.HK,PHARMARON,Health Care,HKG,HKD,91.5,102.27412992,,2022-06-03
3933.HK,UNITED LAB,Health Care,HKG,HKD,3.57,6.488724992,,2022-06-03
6078.HK,HYGEIA HEALTH,Health Care,HKG,HKD,42.9,26.457458688,,2022-06-03
6160.HK,BEIGENE,Health Care,HKG,HKD,85.9,114.713444352,,2022-06-03
6185.HK,CANSINOBIO-B,Health Care,HKG,HKD,74.05,31.952058368,,2022-06-03
6600.HK,SCICLONE PHARMA,Health Care,HKG,HKD,7.91,5.39882752,,2022-06-03
6606.HK,NH HEALTH-B,Health Care,HKG,HKD,16.24,6.97897728,,2022-06-03
6618.HK,JD HEALTH,Health Care,HKG,HKD,48.4,153.855868928,,2022-06-03
6699.HK,ANGELALIGN,Health Care,HKG,HKD,135.8,23.272046592,,2022-06-03
6855.HK,ASCENTAGE-B,Health Care,HKG,HKD,17.66,4.64247808,,2022-06-03
6978.HK,IMMUNOTECH-B,Health Care,HKG,HKD,5.2,2.675836672,,2022-06-03
6996.HK,ANTENGENE-B,Health Care,HKG,HKD,6.56,4.67061504,,2022-06-03
6998.HK,GENOR-B,Health Care,HKG,HKD,3.33,1.681663232,,2022-06-03
9688.HK,ZAI LAB-SB,Health Care,HKG,HKD,22.95,22.470047744,,2022-06-03
9926.HK,AKESO-B,Health Care,HKG,HKD,17.4,14.216792064,,2022-06-03
9939.HK,KINTOR PHARMA-B,Health Care,HKG,HKD,22.9,8.875810816,,2022-06-03
9966.HK,ALPHAMAB-B,Health Care,HKG,HKD,7.84,7.353959424,,2022-06-03
9969.HK,INNOCARE-B,Health Care,HKG,HKD,10.5,15.746535424,,2022-06-03
9995.HK,REMEGEN-B,Health Care,HKG,HKD,29.65,14.523666432,,2022-06-03
9996.HK,PEIJIA-B,Health Care,HKG,HKD,6.43,4.286842368,,2022-06-03
9997.HK,KANGJI MEDICAL,Health Care,HKG,HKD,6.66,8.292898816,,2022-06-03
0020.HK,SENSETIME-W,Information Technology,HKG,HKD,5.87,196.688429056,,2022-06-03
0136.HK,CHINA RUYI,Information Technology,HKG,HKD,2.19,20.486682624,,2022-06-03
0268.HK,KINGDEE INT'L,Information Technology,HKG,HKD,14.68,50.995822592,,2022-06-03
0285.HK,BYD ELECTRONIC,Information Technology,HKG,HKD,17.26,38.89022976,,2022-06-03
0302.HK,CMGE,Information Technology,HKG,HKD,2.05,5.674502144,,2022-06-03
0303.HK,VTECH HOLDINGS,Information Technology,HKG,HKD,60.0,15.142739968,,2022-06-03
0327.HK,PAX GLOBAL,Information Technology,HKG,HKD,6.35,6.848221184,,2022-06-03
0354.HK,CHINASOFT INT'L,Information Technology,HKG,HKD,7.2,22.075631616,,2022-06-03
0522.HK,ASM PACIFIC,Information Technology,HKG,HKD,71.35,29.446500352,,2022-06-03
0552.HK,CHINACOMSERVICE,Information Technology,HKG,HKD,3.7,25.626273792,,2022-06-03
0696.HK,TRAVELSKY TECH,Information Technology,HKG,HKD,13.08,38.27482624,,2022-06-03
0700.HK,TENCENT,Information Technology,HKG,HKD,359.0,3450.704494592,,2022-06-03
0763.HK,ZTE,Information Technology,HKG,HKD,17.08,125.615710208,,2022-06-03
0777.HK,NETDRAGON,Information Technology,HKG,HKD,15.8,8.543438848,,2022-06-03
0799.HK,IGG,Information Technology,HKG,HKD,3.3,3.950528768,,2022-06-03
0856.HK,VSTECS,Information Technology,HKG,HKD,6.14,8.932901888,,2022-06-03
0861.HK,DC HOLDINGS,Information Technology,HKG,HKD,3.87,6.476560896,,2022-06-03
0909.HK,MING YUAN CLOUD,Information Technology,HKG,HKD,9.49,18.48082432,,2022-06-03
0981.HK,SMIC,Information Technology,HKG,HKD,17.2,201.20387584,,2022-06-03
0992.HK,LENOVO GROUP,Information Technology,HKG,HKD,7.47,89.951502336,,2022-06-03
1024.HK,KUAISHOU-W,Information Technology,HKG,HKD,79.9,339.368869888,,2022-06-03
1137.HK,HK TECH VENTURE,Information Technology,HKG,HKD,6.42,5.887184896,,2022-06-03
1347.HK,HUA HONG SEMI,Information Technology,HKG,HKD,29.7,38.645346304,,2022-06-03
1357.HK,MEITU,Information Technology,HKG,HKD,0.94,4.147148288,,2022-06-03
1686.HK,SUNEVISION,Information Technology,HKG,HKD,6.43,15.035526144,,2022-06-03
1810.HK,XIAOMI-W,Information Technology,HKG,HKD,11.96,298.313515008,,2022-06-03
1909.HK,FIRE ROCK,Information Technology,HKG,HKD,0.56,2.1504,,2022-06-03
2038.HK,FIH,Information Technology,HKG,HKD,0.99,7.893270016,,2022-06-03
2342.HK,COMBA,Information Technology,HKG,HKD,1.3,3.590950912,,2022-06-03
2400.HK,XD INC,Information Technology,HKG,HKD,22.8,10.761440256,,2022-06-03
2518.HK,AUTOHOME-S,Information Technology,HKG,HKD,71.5,35.905871872,,2022-06-03
3396.HK,LEGENDHOLDING,Information Technology,HKG,HKD,9.29,21.889376256,,2022-06-03
3690.HK,MEITUAN-W,Information Technology,HKG,HKD,180.2,1113.947635712,,2022-06-03
3738.HK,VOBILE GROUP,Information Technology,HKG,HKD,4.04,8.555103744,,2022-06-03
3888.HK,KINGSOFT,Information Technology,HKG,HKD,26.45,36.023578624,,2022-06-03
3969.HK,CHINA CRSC,Information Technology,HKG,HKD,2.83,52.546592768,,2022-06-03
6088.HK,FIT HON TENG,Information Technology,HKG,HKD,1.11,7.918196224,,2022-06-03
6608.HK,BAIRONG-W,Information Technology,HKG,HKD,9.0,4.483727872,,2022-06-03
9618.HK,JD-SW,Information Technology,HKG,HKD,221.4,691.542884352,,2022-06-03
9626.HK,BILIBILI-SW,Information Technology,HKG,HKD,182.0,71.090110464,,2022-06-03
9698.HK,GDS-SW,Information Technology,HKG,HKD,27.35,41.693159424,,2022-06-03
9888.HK,BIDU-SW,Information Technology,HKG,HKD,139.1,384.528089088,,2022-06-03
9898.HK,WB-SW,Information Technology,HKG,HKD,173.2,40.972537856,,2022-06-03
9923.HK,YEAHKA,Information Technology,HKG,HKD,19.0,8.110378496,,2022-06-03
9959.HK,LINKLOGIS-W,Information Technology,HKG,HKD,6.81,15.65448704,,2022-06-03
9988.HK,BABA-SW,Information Technology,HKG,HKD,92.3,1975.220174848,,2022-06-03
9990.HK,ARCHOSAUR GAMES,Information Technology,HKG,HKD,6.61,5.349559296,,2022-06-03
9991.HK,BAOZUN-SW,Information Technology,HKG,HKD,23.35,4.735776768,,2022-06-03
9999.HK,NTES-S,Information Technology,HKG,HKD,160.3,526.423621632,,2022-06-03
0004.HK,WHARF HOLDINGS,Properties & Construction,HKG,HKD,25.65,78.387167232,,2022-06-03
0012.HK,HENDERSON LAND,Properties & Construction,HKG,HKD,32.45,157.09044736,,2022-06-03
0014.HK,HYSAN DEV,Properties & Construction,HKG,HKD,23.75,24.46867456,,2022-06-03
0016.HK,SHK PPT,Properties & Construction,HKG,HKD,96.1,278.497787904,,2022-06-03
0017.HK,NEW WORLD DEV,Properties & Construction,HKG,HKD,29.1,73.233932288,,2022-06-03
0059.HK,SKYFAME REALTY,Properties & Construction,HKG,HKD,0.088,0.743276992,,2022-06-03
0081.HK,CH OVS G OCEANS,Properties & Construction,HKG,HKD,4.03,13.796141056,,2022-06-03
0083.HK,SINO LAND,Properties & Construction,HKG,HKD,11.14,85.980307456,,2022-06-03
0095.HK,LVGEM CHINA,Properties & Construction,HKG,HKD,0.87,4.434998784,,2022-06-03
0101.HK,HANG LUNG PPT,Properties & Construction,HKG,HKD,13.82,62.17617408,,2022-06-03
0119.HK,POLY PROPERTY,Properties & Construction,HKG,HKD,1.85,6.869734912,,2022-06-03
0123.HK,YUEXIU PROPERTY,Properties & Construction,HKG,HKD,8.76,27.124989952,,2022-06-03
0173.HK,K. WAH INT'L,Properties & Construction,HKG,HKD,2.97,9.30468352,,2022-06-03
0185.HK,ZENSUN ENT,Properties & Construction,HKG,HKD,2.95,5.64450048,,2022-06-03
0272.HK,SHUI ON LAND,Properties & Construction,HKG,HKD,1.03,8.304086016,,2022-06-03
0337.HK,GREENLAND HK,Properties & Construction,HKG,HKD,1.55,4.32741376,,2022-06-03
0390.HK,CHINA RAILWAY,Properties & Construction,HKG,HKD,5.43,179.24538368,,2022-06-03
0405.HK,YUEXIU REIT,Properties & Construction,HKG,HKD,3.11,14.529266688,,2022-06-03
0410.HK,SOHO CHINA,Properties & Construction,HKG,HKD,1.49,7.74728448,,2022-06-03
0435.HK,SUNLIGHT REIT,Properties & Construction,HKG,HKD,3.84,6.457765888,,2022-06-03
0535.HK,GEMDALE PPT,Properties & Construction,HKG,HKD,0.74,12.265721856,,2022-06-03
0604.HK,SHENZHEN INVEST,Properties & Construction,HKG,HKD,1.68,14.949967872,,2022-06-03
0683.HK,KERRY PPT,Properties & Construction,HKG,HKD,20.15,29.307570176,,2022-06-03
0688.HK,CHINA OVERSEAS,Properties & Construction,HKG,HKD,23.05,252.277620736,,2022-06-03
0743.HK,ASIA CEMENT CH,Properties & Construction,HKG,HKD,4.84,7.58355456,,2022-06-03
0754.HK,HOPSON DEV HOLD,Properties & Construction,HKG,HKD,12.2,28.968779776,,2022-06-03
0778.HK,FORTUNE REIT,Properties & Construction,HKG,HKD,6.99,13.825869824,,2022-06-03
0813.HK,SHIMAO GROUP,Properties & Construction,HKG,HKD,4.42,16.770673664,,2022-06-03
0817.HK,CHINA JINMAO,Properties & Construction,HKG,HKD,2.12,26.899193856,,2022-06-03
0823.HK,LINK REIT,Properties & Construction,HKG,HKD,71.3,150.456549376,,2022-06-03
0832.HK,CENTRAL CHINA,Properties & Construction,HKG,HKD,0.75,2.223090176,,2022-06-03
0873.HK,SHIMAO SERVICES,Properties & Construction,HKG,HKD,4.2,10.366313472,,2022-06-03
0884.HK,CIFI HOLD GP,Properties & Construction,HKG,HKD,3.33,29.248188416,,2022-06-03
0914.HK,CONCH CEMENT,Properties & Construction,HKG,HKD,34.45,194.97975808,,2022-06-03
0960.HK,LONGFOR GROUP,Properties & Construction,HKG,HKD,37.5,227.786637312,,2022-06-03
1030.HK,SEAZEN,Properties & Construction,HKG,HKD,3.28,21.338826752,,2022-06-03
1098.HK,ROAD KING INFRA,Properties & Construction,HKG,HKD,6.18,4.630902784,,2022-06-03
1109.HK,CHINA RES LAND,Properties & Construction,HKG,HKD,34.5,246.017425408,,2022-06-03
1113.HK,CK ASSET,Properties & Construction,HKG,HKD,52.65,191.77816064,,2022-06-03
1176.HK,ZHUGUANG HOLD,Properties & Construction,HKG,HKD,1.2,8.670756864,,2022-06-03
1186.HK,CHINA RAIL CONS,Properties & Construction,HKG,HKD,5.13,117.030690816,,2022-06-03
1209.HK,CHINA RES MIXC,Properties & Construction,HKG,HKD,38.3,87.419748352,,2022-06-03
1233.HK,TIMES CHINA,Properties & Construction,HKG,HKD,2.24,4.708077056,,2022-06-03
1238.HK,POWERLONG,Properties & Construction,HKG,HKD,2.02,8.363608064,,2022-06-03
1313.HK,CHINARES CEMENT,Properties & Construction,HKG,HKD,5.88,41.059688448,,2022-06-03
1387.HK,CHINA DILI,Properties & Construction,HKG,HKD,1.82,16.191248384,,2022-06-03
1516.HK,SUNAC SERVICES,Properties & Construction,HKG,HKD,4.03,12.319065088,,2022-06-03
1589.HK,CNLP,Properties & Construction,HKG,HKD,4.34,15.078375424,,2022-06-03
1622.HK,REDCO GROUP,Properties & Construction,HKG,HKD,1.95,6.92563968,,2022-06-03
1628.HK,YUZHOU GROUP,Properties & Construction,HKG,HKD,0.455,2.977479168,,2022-06-03
1638.HK,KAISA GROUP,Properties & Construction,HKG,HKD,0.84,5.891457536,,2022-06-03
1668.HK,CHINASOUTHCITY,Properties & Construction,HKG,HKD,0.65,7.437234176,,2022-06-03
1755.HK,S-ENJOY SERVICE,Properties & Construction,HKG,HKD,8.28,7.204709376,,2022-06-03
1800.HK,CHINA COMM CONS,Properties & Construction,HKG,HKD,4.39,151.783817216,,2022-06-03
1813.HK,KWG GROUP,Properties & Construction,HKG,HKD,2.36,7.513083392,,2022-06-03
1908.HK,C&D INTL GROUP,Properties & Construction,HKG,HKD,17.26,25.16197376,,2022-06-03
1918.HK,SUNAC,Properties & Construction,HKG,HKD,4.58,24.955871232,,2022-06-03
1966.HK,CHINA SCE GROUP,Properties & Construction,HKG,HKD,1.13,4.771006976,,2022-06-03
1972.HK,SWIREPROPERTIES,Properties & Construction,HKG,HKD,19.9,116.41499648,,2022-06-03
1995.HK,CIFI ES SERVICE,Properties & Construction,HKG,HKD,8.46,14.83029504,,2022-06-03
1996.HK,RSUN PPT,Properties & Construction,HKG,HKD,2.39,7.963337216,,2022-06-03
1997.HK,WHARF REIC,Properties & Construction,HKG,HKD,37.05,112.483794944,,2022-06-03
2007.HK,COUNTRY GARDEN,Properties & Construction,HKG,HKD,4.76,110.186389504,,2022-06-03
2019.HK,DEXIN CHINA,Properties & Construction,HKG,HKD,2.51,6.780363264,,2022-06-03
2048.HK,E-HOUSE ENT,Properties & Construction,HKG,HKD,0.74,1.294304384,,2022-06-03
2128.HK,CHINA LESSO,Properties & Construction,HKG,HKD,10.44,32.38926336,,2022-06-03
2202.HK,CHINA VANKE,Properties & Construction,HKG,HKD,17.16,259.682271232,,2022-06-03
2233.HK,WESTCHINACEMENT,Properties & Construction,HKG,HKD,1.07,5.819601408,,2022-06-03
2599.HK,SHINSUN HOLD GP,Properties & Construction,HKG,HKD,0.54,1.643436032,,2022-06-03
2669.HK,CHINA OVS PPT,Properties & Construction,HKG,HKD,8.79,28.891500544,,2022-06-03
2768.HK,JIAYUAN INTL,Properties & Construction,HKG,HKD,0.375,1.841186304,,2022-06-03
2772.HK,ZHONGLIANG HLDG,Properties & Construction,HKG,HKD,1.93,6.912854528,,2022-06-03
2777.HK,R&F PROPERTIES,Properties & Construction,HKG,HKD,2.61,9.793685504,,2022-06-03
2778.HK,CHAMPION REIT,Properties & Construction,HKG,HKD,3.72,22.085937152,,2022-06-03
2869.HK,GREENTOWN SER,Properties & Construction,HKG,HKD,7.98,25.89103104,,2022-06-03
3301.HK,RONSHINECHINA,Properties & Construction,HKG,HKD,2.03,3.417362944,,2022-06-03
3311.HK,CHINA STATE CON,Properties & Construction,HKG,HKD,9.18,46.24535552,,2022-06-03
3319.HK,A-LIVING,Properties & Construction,HKG,HKD,12.22,17.352400896,,2022-06-03
3323.HK,CNBM,Properties & Construction,HKG,HKD,8.32,71.10230016,,2022-06-03
3333.HK,EVERGRANDE,Properties & Construction,HKG,HKD,1.65,21.78709504,,2022-06-03
3377.HK,SINO-OCEAN GP,Properties & Construction,HKG,HKD,1.36,10.328315904,,2022-06-03
3380.HK,LOGAN GROUP,Properties & Construction,HKG,HKD,2.18,12.402914304,,2022-06-03
3383.HK,AGILE GROUP,Properties & Construction,HKG,HKD,3.2,12.534560768,,2022-06-03
3883.HK,CHINA AOYUAN,Properties & Construction,HKG,HKD,1.18,3.499372544,,2022-06-03
3900.HK,GREENTOWN CHINA,Properties & Construction,HKG,HKD,13.12,32.725479424,,2022-06-03
3913.HK,KWG LIVING,Properties & Construction,HKG,HKD,2.38,4.80072192,,2022-06-03
3990.HK,MIDEA REAL EST,Properties & Construction,HKG,HKD,12.42,15.330752512,,2022-06-03
6049.HK,POLY PPT SER,Properties & Construction,HKG,HKD,50.4,27.88798464,,2022-06-03
6098.HK,CG SERVICES,Properties & Construction,HKG,HKD,29.6,99.635675136,,2022-06-03
6158.HK,ZHENRO PPT,Properties & Construction,HKG,HKD,0.58,2.533300736,,2022-06-03
6666.HK,EVERG SERVICES,Properties & Construction,HKG,HKD,2.3,24.86483968,,2022-06-03
6878.HK,DIFFER GROUP,Properties & Construction,HKG,HKD,2.05,14.777199616,,2022-06-03
6989.HK,EXCELLENCE CM,Properties & Construction,HKG,HKD,3.66,4.466481152,,2022-06-03
9666.HK,JINKE SERVICES,Properties & Construction,HKG,HKD,19.0,12.404112384,,2022-06-03
9909.HK,POWERLONG CM,Properties & Construction,HKG,HKD,6.08,3.908831744,,2022-06-03
9968.HK,HUIJING HLDGS,Properties & Construction,HKG,HKD,1.89,9.930059776,,2022-06-03
9979.HK,GREENTOWN MGMT,Properties & Construction,HKG,HKD,5.67,11.1017472,,2022-06-03
9983.HK,CC NEW LIFE,Properties & Construction,HKG,HKD,3.88,4.91999488,,2022-06-03
9993.HK,RADIANCE HLDGS,Properties & Construction,HKG,HKD,3.93,15.897754624,,2022-06-03
0005.HK,HSBC HOLDINGS,Financials,HKG,HKD,52.3,1061.7946112,,2022-06-03
0011.HK,HANG SENG BANK,Financials,HKG,HKD,139.2,266.128130048,,2022-06-03
0023.HK,BANK OF E ASIA,Financials,HKG,HKD,11.46,33.4934528,,2022-06-03
0086.HK,SUN HUNG KAI CO,Financials,HKG,HKD,3.64,7.18281216,,2022-06-03
0165.HK,CHINA EB LTD,Financials,HKG,HKD,7.48,12.6056704,,2022-06-03
0388.HK,HKEX,Financials,HKG,HKD,342.0,433.601282048,,2022-06-03
0440.HK,DAH SING,Financials,HKG,HKD,23.0,7.350225408,,2022-06-03
0665.HK,HAITONG INT'L,Financials,HKG,HKD,1.19,7.18449408,,2022-06-03
0697.HK,SHOUCHENG,Financials,HKG,HKD,1.16,8.457582592,,2022-06-03
0806.HK,VALUE PARTNERS,Financials,HKG,HKD,3.09,5.716438016,,2022-06-03
0939.HK,CCB,Financials,HKG,HKD,5.74,1452.50123776,,2022-06-03
0966.HK,CHINA TAIPING,Financials,HKG,HKD,8.98,32.27429888,,2022-06-03
0998.HK,CITIC BANK,Financials,HKG,HKD,3.78,270.6026496,,2022-06-03
1282.HK,GLORY SUN FIN,Financials,HKG,HKD,0.036,1.129949952,,2022-06-03
1288.HK,ABC,Financials,HKG,HKD,2.97,1332.122222592,,2022-06-03
1299.HK,AIA,Financials,HKG,HKD,80.0,967.760019456,,2022-06-03
1336.HK,NCI,Financials,HKG,HKD,20.45,117.511430144,,2022-06-03
1339.HK,PICC GROUP,Financials,HKG,HKD,2.49,236.922257408,,2022-06-03
1359.HK,CHINA CINDA,Financials,HKG,HKD,1.34,51.140431872,,2022-06-03
1398.HK,ICBC,Financials,HKG,HKD,4.65,2003.871072256,,2022-06-03
1658.HK,PSBC,Financials,HKG,HKD,5.77,588.338036736,,2022-06-03
1776.HK,GF SEC,Financials,HKG,HKD,10.24,136.475648,,2022-06-03
1788.HK,GUOTAI JUNAN I,Financials,HKG,HKD,0.87,8.368530432,,2022-06-03
1821.HK,ESR,Financials,HKG,HKD,22.9,69.812936704,,2022-06-03
1911.HK,CR HOLDINGS,Financials,HKG,HKD,9.16,5.026907136,,2022-06-03
1963.HK,BCQ,Financials,HKG,HKD,4.61,14.415700992,,2022-06-03
1988.HK,MINSHENG BANK,Financials,HKG,HKD,3.01,196.903665664,,2022-06-03
2318.HK,PING AN,Financials,HKG,HKD,47.0,921.7687552,,2022-06-03
2328.HK,PICC P&C,Financials,HKG,HKD,7.67,170.602266624,,2022-06-03
2356.HK,DAHSING BANKING,Financials,HKG,HKD,6.53,9.179547648,,2022-06-03
2388.HK,BOC HONG KONG,Financials,HKG,HKD,30.2,319.298568192,,2022-06-03
2601.HK,CPIC,Financials,HKG,HKD,18.2,246.975840256,,2022-06-03
2611.HK,GTJA,Financials,HKG,HKD,10.24,159.847415808,,2022-06-03
2628.HK,CHINA LIFE,Financials,HKG,HKD,11.96,764.700852224,,2022-06-03
2666.HK,UNI MEDICAL,Financials,HKG,HKD,5.12,9.6846848,,2022-06-03
2858.HK,YIXIN,Financials,HKG,HKD,0.82,5.345620992,,2022-06-03
3328.HK,BANKCOMM,Financials,HKG,HKD,5.29,430.319796224,,2022-06-03
3360.HK,FE HORIZON,Financials,HKG,HKD,7.0,29.15115008,,2022-06-03
3618.HK,CQRC BANK,Financials,HKG,HKD,2.83,49.704988672,,2022-06-03
3877.HK,CSSC SHIPPING,Financials,HKG,HKD,1.45,8.897301504,,2022-06-03
3908.HK,CICC,Financials,HKG,HKD,14.86,151.228727296,,2022-06-03
3968.HK,CM BANK,Financials,HKG,HKD,48.75,1202.33590784,,2022-06-03
3988.HK,BANK OF CHINA,Financials,HKG,HKD,3.11,1109.747433472,,2022-06-03
6030.HK,CITIC SEC,Financials,HKG,HKD,16.7,316.623650816,,2022-06-03
6060.HK,ZA ONLINE,Financials,HKG,HKD,25.05,36.8187392,,2022-06-03
6066.HK,CSC,Financials,HKG,HKD,7.4,57.39958272,,2022-06-03
6069.HK,SY HOLDINGS,Financials,HKG,HKD,6.52,6.540798976,,2022-06-03
6099.HK,CMSC,Financials,HKG,HKD,8.18,122.814521344,,2022-06-03
6818.HK,CEB BANK,Financials,HKG,HKD,2.57,187.601010688,,2022-06-03
6837.HK,HAITONG SEC,Financials,HKG,HKD,5.56,135.92420352,,2022-06-03
6881.HK,CGS,Financials,HKG,HKD,4.3,100.368883712,,2022-06-03
6886.HK,HTSC,Financials,HKG,HKD,10.8,151.289643008,,2022-06-03
0002.HK,CLP HOLDINGS,Utilities,HKG,HKD,77.7,196.305158144,,2022-06-03
0003.HK,HK & CHINA GAS,Utilities,HKG,HKD,8.85,165.140119552,,2022-06-03
0006.HK,POWER ASSETS,Utilities,HKG,HKD,52.5,112.048652288,,2022-06-03
0135.HK,KUNLUN ENERGY,Utilities,HKG,HKD,6.56,56.80304128,,2022-06-03
0257.HK,EB ENVIRONMENT,Utilities,HKG,HKD,4.72,28.994865152,,2022-06-03
0270.HK,GUANGDONG INV,Utilities,HKG,HKD,9.84,64.332152832,,2022-06-03
0371.HK,BJ ENT WATER,Utilities,HKG,HKD,2.59,26.158481408,,2022-06-03
0384.HK,CHINA GAS HOLD,Utilities,HKG,HKD,11.84,65.460875264,,2022-06-03
0392.HK,BEIJING ENT,Utilities,HKG,HKD,27.9,35.211194368,,2022-06-03
0836.HK,CHINA RES POWER,Utilities,HKG,HKD,16.02,77.063258112,,2022-06-03
0855.HK,CHINA WATER,Utilities,HKG,HKD,7.84,12.7973888,,2022-06-03
0902.HK,HUANENG POWER,Utilities,HKG,HKD,3.92,61.536555008,,2022-06-03
0916.HK,CHINA LONGYUAN,Utilities,HKG,HKD,16.86,135.493541888,,2022-06-03
0991.HK,DATANG POWER,Utilities,HKG,HKD,1.38,47.021568,,2022-06-03
1038.HK,CKI HOLDINGS,Utilities,HKG,HKD,52.5,132.279533568,,2022-06-03
1083.HK,TG SMART ENERGY,Utilities,HKG,HKD,4.1,12.955589632,,2022-06-03
1193.HK,CHINA RES GAS,Utilities,HKG,HKD,33.4,77.287940096,,2022-06-03
1257.HK,CEB GREENTECH,Utilities,HKG,HKD,2.12,4.380089344,,2022-06-03
1381.HK,CANVEST ENV,Utilities,HKG,HKD,3.94,9.611787264,,2022-06-03
1600.HK,TIAN LUN GAS,Utilities,HKG,HKD,4.83,4.847484416,,2022-06-03
1811.HK,CGN NEW ENERGY,Utilities,HKG,HKD,3.84,16.4767488,,2022-06-03
1816.HK,CGN POWER,Utilities,HKG,HKD,2.01,150.597042176,,2022-06-03
2380.HK,CHINA POWER,Utilities,HKG,HKD,4.11,44.525273088,,2022-06-03
2638.HK,HKELECTRIC-SS,Utilities,HKG,HKD,7.65,67.596935168,,2022-06-03
2688.HK,ENN ENERGY,Utilities,HKG,HKD,119.2,134.7115008,,2022-06-03
3633.HK,ZHONGYU ENERGY,Utilities,HKG,HKD,7.2,20.403574784,,2022-06-03
3868.HK,XINYI ENERGY,Utilities,HKG,HKD,4.41,31.355099136,,2022-06-03
0008.HK,PCCW,Telecommunications,HKG,HKD,4.31,33.314748416,,2022-06-03
0215.HK,HUTCHTEL HK,Telecommunications,HKG,HKD,1.34,6.457594368,,2022-06-03
0728.HK,CHINA TELECOM,Telecommunications,HKG,HKD,2.77,464.689659904,,2022-06-03
0762.HK,CHINA UNICOM,Telecommunications,HKG,HKD,3.68,112.601014272,,2022-06-03
0788.HK,CHINA TOWER,Telecommunications,HKG,HKD,0.94,165.44751616,,2022-06-03
0941.HK,CHINA MOBILE,Telecommunications,HKG,HKD,50.6,1036.060327936,,2022-06-03
1310.HK,HKBN,Telecommunications,HKG,HKD,10.02,13.142233088,,2022-06-03
1883.HK,CITIC TELECOM,Telecommunications,HKG,HKD,2.66,9.796301824,,2022-06-03
6823.HK,HKT-SS,Telecommunications,HKG,HKD,10.82,81.969504256,,2022-06-03
0144.HK,CHINA MER PORT,Industrials,HKG,HKD,15.18,57.46571264,,2022-06-03
0148.HK,KINGBOARD HLDG,Industrials,HKG,HKD,38.25,42.296467456,,2022-06-03
0152.HK,SHENZHEN INT'L,Industrials,HKG,HKD,7.59,17.201598464,,2022-06-03
0177.HK,JIANGSU EXPRESS,Industrials,HKG,HKD,8.0,49.75880192,,2022-06-03
0316.HK,OOIL,Industrials,HKG,HKD,266.4,175.92336384,,2022-06-03
0489.HK,DONGFENG GROUP,Industrials,HKG,HKD,6.27,54.023073792,,2022-06-03
0558.HK,LK TECH,Industrials,HKG,HKD,12.86,17.700374528,,2022-06-03
0576.HK,ZHEJIANGEXPRESS,Industrials,HKG,HKD,6.83,29.663442944,,2022-06-03
0586.HK,CONCH VENTURE,Industrials,HKG,HKD,19.74,36.060438528,,2022-06-03
0631.HK,SANY INT'L,Industrials,HKG,HKD,7.76,24.475815936,,2022-06-03
0636.HK,KERRY LOG NET,Industrials,HKG,HKD,18.2,32.893042688,,2022-06-03
0658.HK,C TRANSMISSION,Industrials,HKG,HKD,4.48,7.326098944,,2022-06-03
0819.HK,TIANNENG POWER,Industrials,HKG,HKD,7.34,8.26572032,,2022-06-03
0868.HK,XINYI GLASS,Industrials,HKG,HKD,20.35,81.779736576,,2022-06-03
0968.HK,XINYI SOLAR,Industrials,HKG,HKD,13.88,123.40375552,,2022-06-03
1052.HK,YUEXIUTRANSPORT,Industrials,HKG,HKD,5.02,8.39926272,,2022-06-03
1157.HK,ZOOMLION,Industrials,HKG,HKD,4.77,69.229871104,,2022-06-03
1196.HK,REALORD GROUP,Industrials,HKG,HKD,8.6,12.38150656,,2022-06-03
1199.HK,COSCO SHIP PORT,Industrials,HKG,HKD,6.16,20.422248448,,2022-06-03
1308.HK,SITC,Industrials,HKG,HKD,29.8,79.92717312,,2022-06-03
1478.HK,Q TECH,Industrials,HKG,HKD,5.4,6.382746112,,2022-06-03
1766.HK,CRRC,Industrials,HKG,HKD,3.12,179.949109248,,2022-06-03
1882.HK,HAITIAN INT'L,Industrials,HKG,HKD,20.75,33.11699968,,2022-06-03
1888.HK,KB LAMINATES,Industrials,HKG,HKD,13.58,42.369601536,,2022-06-03
1919.HK,COSCO SHIP HOLD,Industrials,HKG,HKD,13.98,317.464838144,,2022-06-03
2018.HK,AAC TECH,Industrials,HKG,HKD,17.32,20.931219456,,2022-06-03
2039.HK,CIMC,Industrials,HKG,HKD,12.86,55.25813248,,2022-06-03
2057.HK,ZTO EXPRESS-SW,Industrials,HKG,HKD,205.6,170.0573184,,2022-06-03
2208.HK,GOLDWIND,Industrials,HKG,HKD,12.72,68.569829376,,2022-06-03
2338.HK,WEICHAI POWER,Industrials,HKG,HKD,12.12,143.303245824,,2022-06-03
2343.HK,PACIFIC BASIN,Industrials,HKG,HKD,4.05,19.487911936,,2022-06-03
2357.HK,AVICHINA,Industrials,HKG,HKD,4.41,34.006964224,,2022-06-03
2382.HK,SUNNY OPTICAL,Industrials,HKG,HKD,121.2,132.93821952,,2022-06-03
2618.HK,JD LOGISTICS,Industrials,HKG,HKD,15.16,93.738524672,,2022-06-03
2727.HK,SH ELECTRIC,Industrials,HKG,HKD,1.99,69.872082944,,2022-06-03
3339.HK,LONKING,Industrials,HKG,HKD,2.02,8.645801984,,2022-06-03
3800.HK,GCL TECH,Industrials,HKG,HKD,2.81,76.148187136,,2022-06-03
3808.HK,SINOTRUK,Industrials,HKG,HKD,11.46,31.64094464,,2022-06-03
3898.HK,TIMES ELECTRIC,Industrials,HKG,HKD,35.1,82.132590592,,2022-06-03
6865.HK,FLAT GLASS,Industrials,HKG,HKD,31.95,106.72386048,,2022-06-03
9956.HK,ANE,Industrials,HKG,HKD,3.94,4.580683776,,2022-06-03
0189.HK,DONGYUE GROUP,Materials,HKG,HKD,9.69,21.852790784,,2022-06-03
0297.HK,SINOFERT,Materials,HKG,HKD,1.29,9.061553152,,2022-06-03
0338.HK,SHANGHAI PECHEM,Materials,HKG,HKD,1.55,37.668872192,,2022-06-03
0358.HK,JIANGXI COPPER,Materials,HKG,HKD,12.54,74.943299584,,2022-06-03
0486.HK,RUSAL,Materials,HKG,HKD,3.46,54.167339008,,2022-06-03
0581.HK,CHINA ORIENTAL,Materials,HKG,HKD,2.09,7.780170752,,2022-06-03
0826.HK,TIANGONG INT'L,Materials,HKG,HKD,2.61,7.294949888,,2022-06-03
0990.HK,THEME INT'L,Materials,HKG,HKD,1.12,15.087855616,,2022-06-03
1208.HK,MMG,Materials,HKG,HKD,3.26,28.163432448,,2022-06-03
1258.HK,CHINFMINING,Materials,HKG,HKD,4.44,16.601337856,,2022-06-03
1378.HK,CHINAHONGQIAO,Materials,HKG,HKD,9.72,88.65951744,,2022-06-03
1772.HK,GANFENGLITHIUM,Materials,HKG,HKD,95.5,180.244791296,,2022-06-03
1787.HK,SD GOLD,Materials,HKG,HKD,13.68,101.47536896,,2022-06-03
1818.HK,ZHAOJIN MINING,Materials,HKG,HKD,6.83,22.336763904,,2022-06-03
1907.HK,CHINA RISUN GP,Materials,HKG,HKD,3.8,16.871999488,,2022-06-03
2099.HK,CHINAGOLDINTL,Materials,HKG,HKD,25.55,10.239187968,,2022-06-03
2314.HK,LEE & MAN PAPER,Materials,HKG,HKD,3.79,16.414073856,,2022-06-03
2362.HK,JINCHUAN INTL,Materials,HKG,HKD,0.83,10.466215936,,2022-06-03
2600.HK,CHALCO,Materials,HKG,HKD,3.54,93.882925056,,2022-06-03
2689.HK,ND PAPER,Materials,HKG,HKD,6.95,32.610926592,,2022-06-03
2899.HK,ZIJIN MINING,Materials,HKG,HKD,10.34,339.975077888,,2022-06-03
3993.HK,CMOC,Materials,HKG,HKD,3.83,132.708737024,,2022-06-03
6616.HK,GLOBAL NEW MAT,Materials,HKG,HKD,4.43,5.279496704,,2022-06-03
0386.HK,SINOPEC CORP,Energy,HKG,HKD,3.73,595.76680448,,2022-06-03
0467.HK,UNITEDENERGY GP,Energy,HKG,HKD,1.19,31.28498176,,2022-06-03
0639.HK,SHOUGANG RES,Energy,HKG,HKD,3.65,18.439217152,,2022-06-03
0857.HK,PETROCHINA,Energy,HKG,HKD,4.15,1250.747744256,,2022-06-03
0883.HK,CNOOC,Energy,HKG,HKD,12.04,537.55592704,,2022-06-03
0934.HK,SINOPEC KANTONS,Energy,HKG,HKD,2.65,6.58832384,,2022-06-03
1088.HK,CHINA SHENHUA,Energy,HKG,HKD,26.25,720.470605824,,2022-06-03
1171.HK,YANKUANG ENERGY,Energy,HKG,HKD,26.45,195.705143296,,2022-06-03
1898.HK,CHINA COAL,Energy,HKG,HKD,7.27,141.570162688,,2022-06-03
2798.HK,PER ENERGY,Energy,HKG,HKD,1.54,2.464,,2022-06-03
2883.HK,CHINA OILFIELD,Energy,HKG,HKD,9.22,89.102082048,,2022-06-03
3899.HK,CIMC ENRIC,Energy,HKG,HKD,8.18,16.54053376,,2022-06-03
BS6.SI,YANGZIJIANG SHIPBLDG HLDGS LTD,Industrials,SGX,SGD,1.0,4.0,,2022-06-03
A17U.SI,ASCENDAS REAL ESTATE INV TRUST,Real Estate,SGX,SGD,2.83,10.1,,2022-06-03
D01.SI,DFI RETAIL GROUP HOLDINGS LIMITED,Consumer Staples,SGX,USD,2.85,5.1,,2022-06-03
U96.SI,SEMBCORP INDUSTRIES LTD,Industrials,SGX,SGD,2.82,5.0,,2022-06-03
BUOU.SI,FRASERS LOGISTICS & COMMERCIAL TRUST,Real Estate,SGX,SGD,1.35,4.6,,2022-06-03
C52.SI,COMFORTDELGRO CORPORATION LTD,Industrials,SGX,SGD,1.45,3.1,,2022-06-03
M44U.SI,MAPLETREE LOGISTICS TRUST,Real Estate,SGX,SGD,1.67,6.7,,2022-06-03
C09.SI,CITY DEVELOPMENTS LIMITED,Real Estate,SGX,SGD,8.27,7.5,,2022-06-03
C38U.SI,CAPITALAND INTEGRATED COMM TR,Real Estate,SGX,SGD,2.22,14.2,,2022-06-03
V03.SI,VENTURE CORPORATION LIMITED,Information Technology,SGX,SGD,17.93,5.1,,2022-06-03
BN4.SI,KEPPEL CORPORATION LIMITED,Industrials,SGX,SGD,6.87,12.4,,2022-06-03
ME8U.SI,MAPLETREE INDUSTRIAL TRUST,Real Estate,SGX,SGD,2.5,5.5,,2022-06-03
F34.SI,WILMAR INTERNATIONAL LIMITED,Consumer Staples,SGX,SGD,4.2,26.3,,2022-06-03
C6L.SI,SINGAPORE AIRLINES LTD,Industrials,SGX,SGD,5.47,16.1,,2022-06-03
9CI.SI,CAPITALAND INVESTMENT LIMITED,Real Estate,SGX,SGD,3.89,20.0,,2022-06-03
G13.SI,GENTING SINGAPORE LIMITED,Consumer Discretionary,SGX,SGD,0.78,9.3,,2022-06-03
Y92.SI,THAI BEVERAGE PUBLIC CO LTD,Consumer Staples,SGX,SGD,0.685,17.1,,2022-06-03
N2IU.SI,MAPLETREE COMMERCIAL TRUST,Real Estate,SGX,SGD,1.79,6.0,,2022-06-03
O39.SI,OVERSEA-CHINESE BANKING CORP,Financials,SGX,SGD,11.86,49.8,,2022-06-03
J36.SI,JARDINE MATHESON HLDGS LTD,Industrials,SGX,USD,57.43,55.2,,2022-06-03
C07.SI,JARDINE CYCLE & CARRIAGE LTD,Consumer Discretionary,SGX,SGD,29.87,11.9,,2022-06-03
S58.SI,SATS LTD.,Industrials,SGX,SGD,4.09,4.5,,2022-06-03
S68.SI,SINGAPORE EXCHANGE LIMITED,Financials,SGX,SGD,9.7,10.3,,2022-06-03
U14.SI,UOL GROUP LIMITED,Real Estate,SGX,SGD,7.36,6.2,,2022-06-03
Z74.SI,SINGTEL,Communication Services,SGX,SGD,2.57,41.8,,2022-06-03
AJBU.SI,KEPPEL DC REIT,Real Estate,SGX,SGD,2.04,3.3,,2022-06-03
U11.SI,UNITED OVERSEAS BANK LTD,Financials,SGX,SGD,28.73,47.5,,2022-06-03
S63.SI,SINGAPORE TECH ENGINEERING LTD,Industrials,SGX,SGD,4.1,12.8,,2022-06-03
H78.SI,HONGKONG LAND HOLDINGS LIMITED,Real Estate,SGX,USD,5.13,16.1,,2022-06-03
D05.SI,DBS GROUP HOLDINGS LTD,Financials,SGX,SGD,30.71,79.1,,2022-06-03
